col	rcrs_pos
1	1
2	2
3	3
4	4
5	5
6	6
7	7
8	8
9	9
10	10
11	11
12	12
13	13
14	14
15	15
16	16
17	17
18	18
19	19
20	20
21	21
22	22
23	23
24	24
25	25
26	26
27	27
28	28
29	29
30	30
31	31
32	32
33	33
34	34
35	35
36	36
37	37
38	38
39	39
40	40
41	41
42	42
43	43
44	44
45	45
46	46
47	47
48	48
49	49
50	50
51	51
52	52
53	53
54	54
55	55
56	56
57	57
58	58
59	59
60	60
61	61
62	62
63	63
64	64
65	65
66	66
67	67
68	68
69	69
70	70
71	71
72	72
73	73
74	74
75	75
76	76
77	77
78	78
79	79
80	80
81	81
82	82
83	83
84	84
85	85
86	86
87	87
88	88
89	89
90	90
91	91
92	92
93	93
94	94
95	95
96	96
97	97
98	98
99	99
100	100
101	101
102	102
103	103
104	104
105	105
106	106
107	107
108	108
109	109
110	110
111	111
112	112
113	113
114	114
115	115
116	116
117	117
118	118
119	119
120	120
121	121
122	122
123	123
124	124
125	125
126	126
127	127
128	128
129	129
130	130
131	131
132	132
133	133
134	134
135	135
136	136
137	137
138	138
139	139
140	140
141	141
142	142
143	143
144	144
145	145
146	146
147	147
148	148
149	149
150	150
151	151
152	152
153	153
154	154
155	155
156	156
157	157
158	158
159	159
160	160
161	161
162	162
163	163
164	164
165	165
166	166
167	167
168	168
169	169
170	170
171	171
172	172
173	173
174	174
175	175
176	176
177	177
178	178
179	179
180	180
181	181
182	182
183	183
184	184
185	185
186	186
187	187
188	188
189	189
190	190
191	191
192	192
193	193
194	194
195	195
196	196
197	197
198	198
199	199
200	200
201	201
202	202
203	203
204	204
205	205
206	206
207	207
208	208
209	209
210	210
211	211
212	212
213	213
214	214
215	215
216	216
217	217
218	218
219	219
220	220
221	221
222	222
223	223
224	224
225	225
226	226
227	227
228	228
229	229
230	230
231	231
232	232
233	233
234	234
235	235
236	236
237	237
238	238
239	239
240	240
241	241
242	242
243	243
244	244
245	245
246	246
247	247
248	248
249	249
250	250
251	251
252	252
253	253
254	254
255	255
256	256
257	257
258	258
259	259
260	260
261	261
262	262
263	263
264	264
265	265
266	266
267	267
268	268
269	269
270	270
271	271
272	272
273	273
274	274
275	275
276	276
277	277
278	278
279	279
280	280
281	281
282	282
283	283
284	284
285	285
286	286
287	287
288	288
289	289
290	290
291	291
292	292
293	293
294	294
295	295
296	296
297	297
298	298
299	299
300	300
301	301
302	302
303	303
304	304
305	305
306	306
307	307
308	308
309	310
310	311
311	312
312	313
313	314
314	316
315	317
316	318
317	319
318	320
319	321
320	322
321	323
322	324
323	325
324	326
325	327
326	328
327	329
328	330
329	331
330	332
331	333
332	334
333	335
334	336
335	337
336	338
337	339
338	340
339	341
340	342
341	343
342	344
343	345
344	346
345	347
346	348
347	349
348	350
349	351
350	352
351	353
352	354
353	355
354	356
355	357
356	358
357	359
358	360
359	361
360	362
361	363
362	364
363	365
364	366
365	367
366	368
367	369
368	370
369	371
370	372
371	373
372	374
373	375
374	376
375	377
376	378
377	379
378	380
379	381
380	382
381	383
382	384
383	385
384	386
385	387
386	388
387	389
388	390
389	391
390	392
391	393
392	394
393	395
394	396
395	397
396	398
397	399
398	400
399	401
400	402
401	403
402	404
403	405
404	406
405	407
406	408
407	409
408	410
409	411
410	412
411	413
412	414
413	415
414	416
415	417
416	418
417	419
418	420
419	421
420	422
421	423
422	424
423	425
424	426
425	427
426	428
427	429
428	430
429	431
430	432
431	433
432	434
433	435
434	436
435	437
436	438
437	439
438	440
439	441
440	442
441	443
442	444
443	445
444	446
445	447
446	448
447	449
448	450
449	451
450	452
451	453
452	454
453	455
454	456
455	457
456	458
457	459
458	460
459	461
460	462
461	463
462	464
463	465
464	466
465	467
466	468
467	469
468	470
469	471
470	472
471	473
472	474
473	475
474	476
475	477
476	478
477	479
478	480
479	481
480	482
481	483
482	484
483	485
484	486
485	487
486	488
487	489
488	490
489	491
490	492
491	493
492	494
493	495
494	496
495	497
496	498
497	499
498	500
499	501
500	502
501	503
502	504
503	505
504	506
505	507
506	508
507	509
508	510
509	511
510	512
511	513
512	514
513	523
514	524
515	525
516	526
517	527
518	528
519	529
520	530
521	531
522	532
523	533
524	534
525	535
526	536
527	537
528	538
529	539
530	540
531	541
532	542
533	543
534	544
535	545
536	546
537	547
538	548
539	549
540	550
541	551
542	552
543	553
544	554
545	555
546	556
547	557
548	558
549	559
550	560
551	561
552	562
553	563
554	564
555	565
556	566
557	567
558	568
559	569
560	570
561	571
562	572
563	573
564	574
565	575
566	576
567	577
568	578
569	579
570	580
571	581
572	582
573	583
574	584
575	585
576	586
577	587
578	588
579	589
580	590
581	591
582	592
583	593
584	594
585	595
586	596
587	597
588	598
589	599
590	600
591	601
592	602
593	603
594	604
595	605
596	606
597	607
598	608
599	609
600	610
601	611
602	612
603	613
604	614
605	615
606	616
607	617
608	618
609	619
610	620
611	621
612	622
613	623
614	624
615	625
616	626
617	627
618	628
619	629
620	630
621	631
622	632
623	633
624	634
625	635
626	636
627	637
628	638
629	639
630	640
631	641
632	642
633	643
634	644
635	645
636	646
637	647
638	648
639	649
640	650
641	651
642	652
643	653
644	654
645	655
646	656
647	657
648	658
649	659
650	660
651	661
652	662
653	663
654	664
655	665
656	666
657	667
658	668
659	669
660	670
661	671
662	672
663	673
664	674
665	675
666	676
667	677
668	678
669	679
670	680
671	681
672	682
673	683
674	684
675	685
676	686
677	687
678	688
679	689
680	690
681	691
682	692
683	693
684	694
685	695
686	696
687	697
688	698
689	699
690	700
691	701
692	702
693	703
694	704
695	705
696	706
697	707
698	708
699	709
700	710
701	711
702	712
703	713
704	714
705	715
706	716
707	717
708	718
709	719
710	720
711	721
712	722
713	723
714	724
715	725
716	726
717	727
718	728
719	729
720	730
721	731
722	732
723	733
724	734
725	735
726	736
727	737
728	738
729	739
730	740
731	741
732	742
733	743
734	744
735	745
736	746
737	747
738	748
739	749
740	750
741	751
742	752
743	753
744	754
745	755
746	756
747	757
748	758
749	759
750	760
751	761
752	762
753	763
754	764
755	765
756	766
757	767
758	768
759	769
760	770
761	771
762	772
763	773
764	774
765	775
766	776
767	777
768	778
769	779
770	780
771	781
772	782
773	783
774	784
775	785
776	786
777	787
778	788
779	789
780	790
781	791
782	792
783	793
784	794
785	795
786	796
787	797
788	798
789	799
790	800
791	801
792	802
793	803
794	804
795	805
796	806
797	807
798	808
799	809
800	810
801	811
802	812
803	813
804	814
805	815
806	816
807	817
808	818
809	819
810	820
811	821
812	822
813	823
814	824
815	825
816	826
817	827
818	828
819	829
820	830
821	831
822	832
823	833
824	834
825	835
826	836
827	837
828	838
829	839
830	840
831	841
832	842
833	843
834	844
835	845
836	846
837	847
838	848
839	849
840	850
841	851
842	852
843	853
844	854
845	855
846	856
847	857
848	858
849	859
850	860
851	861
852	862
853	863
854	864
855	865
856	866
857	867
858	868
859	869
860	870
861	871
862	872
863	873
864	874
865	875
866	876
867	877
868	878
869	879
870	880
871	881
872	882
873	883
874	884
875	885
876	886
877	887
878	888
879	889
880	890
881	891
882	892
883	893
884	894
885	895
886	896
887	897
888	898
889	899
890	900
891	901
892	902
893	903
894	904
895	905
896	906
897	907
898	908
899	909
900	910
901	911
902	912
903	913
904	914
905	915
906	916
907	917
908	918
909	919
910	920
911	921
912	922
913	923
914	924
915	925
916	926
917	927
918	928
919	929
920	930
921	931
922	932
923	933
924	934
925	935
926	936
927	937
928	938
929	939
930	940
931	941
932	942
933	943
934	944
935	945
936	946
937	947
938	948
939	949
940	950
941	951
942	952
943	953
944	954
945	955
946	956
947	957
948	958
949	959
950	960
951	961
952	962
953	963
954	964
955	965
956	966
957	967
958	968
959	969
960	970
961	971
962	972
963	973
964	974
965	975
966	976
967	977
968	978
969	979
970	980
971	981
972	982
973	983
974	984
975	985
976	986
977	987
978	988
979	989
980	990
981	991
982	992
983	993
984	994
985	995
986	996
987	997
988	998
989	999
990	1000
991	1001
992	1002
993	1003
994	1004
995	1005
996	1006
997	1007
998	1008
999	1009
1000	1010
1001	1011
1002	1012
1003	1013
1004	1014
1005	1015
1006	1016
1007	1017
1008	1018
1009	1019
1010	1020
1011	1021
1012	1022
1013	1023
1014	1024
1015	1025
1016	1026
1017	1027
1018	1028
1019	1029
1020	1030
1021	1031
1022	1032
1023	1033
1024	1034
1025	1035
1026	1036
1027	1037
1028	1038
1029	1039
1030	1040
1031	1041
1032	1042
1033	1043
1034	1044
1035	1045
1036	1046
1037	1047
1038	1048
1039	1049
1040	1050
1041	1051
1042	1052
1043	1053
1044	1054
1045	1055
1046	1056
1047	1057
1048	1058
1049	1059
1050	1060
1051	1061
1052	1062
1053	1063
1054	1064
1055	1065
1056	1066
1057	1067
1058	1068
1059	1069
1060	1070
1061	1071
1062	1072
1063	1073
1064	1074
1065	1075
1066	1076
1067	1077
1068	1078
1069	1079
1070	1080
1071	1081
1072	1082
1073	1083
1074	1084
1075	1085
1076	1086
1077	1087
1078	1088
1079	1089
1080	1090
1081	1091
1082	1092
1083	1093
1084	1094
1085	1095
1086	1096
1087	1097
1088	1098
1089	1099
1090	1100
1091	1101
1092	1102
1093	1103
1094	1104
1095	1105
1096	1106
1097	1107
1098	1108
1099	1109
1100	1110
1101	1111
1102	1112
1103	1113
1104	1114
1105	1115
1106	1116
1107	1117
1108	1118
1109	1119
1110	1120
1111	1121
1112	1122
1113	1123
1114	1124
1115	1125
1116	1126
1117	1127
1118	1128
1119	1129
1120	1130
1121	1131
1122	1132
1123	1133
1124	1134
1125	1135
1126	1136
1127	1137
1128	1138
1129	1139
1130	1140
1131	1141
1132	1142
1133	1143
1134	1144
1135	1145
1136	1146
1137	1147
1138	1148
1139	1149
1140	1150
1141	1151
1142	1152
1143	1153
1144	1154
1145	1155
1146	1156
1147	1157
1148	1158
1149	1159
1150	1160
1151	1161
1152	1162
1153	1163
1154	1164
1155	1165
1156	1166
1157	1167
1158	1168
1159	1169
1160	1170
1161	1171
1162	1172
1163	1173
1164	1174
1165	1175
1166	1176
1167	1177
1168	1178
1169	1179
1170	1180
1171	1181
1172	1182
1173	1183
1174	1184
1175	1185
1176	1186
1177	1187
1178	1188
1179	1189
1180	1190
1181	1191
1182	1192
1183	1193
1184	1194
1185	1195
1186	1196
1187	1197
1188	1198
1189	1199
1190	1200
1191	1201
1192	1202
1193	1203
1194	1204
1195	1205
1196	1206
1197	1207
1198	1208
1199	1209
1200	1210
1201	1211
1202	1212
1203	1213
1204	1214
1205	1215
1206	1216
1207	1217
1208	1218
1209	1219
1210	1220
1211	1221
1212	1222
1213	1223
1214	1224
1215	1225
1216	1226
1217	1227
1218	1228
1219	1229
1220	1230
1221	1231
1222	1232
1223	1233
1224	1234
1225	1235
1226	1236
1227	1237
1228	1238
1229	1239
1230	1240
1231	1241
1232	1242
1233	1243
1234	1244
1235	1245
1236	1246
1237	1247
1238	1248
1239	1249
1240	1250
1241	1251
1242	1252
1243	1253
1244	1254
1245	1255
1246	1256
1247	1257
1248	1258
1249	1259
1250	1260
1251	1261
1252	1262
1253	1263
1254	1264
1255	1265
1256	1266
1257	1267
1258	1268
1259	1269
1260	1270
1261	1271
1262	1272
1263	1273
1264	1274
1265	1275
1266	1276
1267	1277
1268	1278
1269	1279
1270	1280
1271	1281
1272	1282
1273	1283
1274	1284
1275	1285
1276	1286
1277	1287
1278	1288
1279	1289
1280	1290
1281	1291
1282	1292
1283	1293
1284	1294
1285	1295
1286	1296
1287	1297
1288	1298
1289	1299
1290	1300
1291	1301
1292	1302
1293	1303
1294	1304
1295	1305
1296	1306
1297	1307
1298	1308
1299	1309
1300	1310
1301	1311
1302	1312
1303	1313
1304	1314
1305	1315
1306	1316
1307	1317
1308	1318
1309	1319
1310	1320
1311	1321
1312	1322
1313	1323
1314	1324
1315	1325
1316	1326
1317	1327
1318	1328
1319	1329
1320	1330
1321	1331
1322	1332
1323	1333
1324	1334
1325	1335
1326	1336
1327	1337
1328	1338
1329	1339
1330	1340
1331	1341
1332	1342
1333	1343
1334	1344
1335	1345
1336	1346
1337	1347
1338	1348
1339	1349
1340	1350
1341	1351
1342	1352
1343	1353
1344	1354
1345	1355
1346	1356
1347	1357
1348	1358
1349	1359
1350	1360
1351	1361
1352	1362
1353	1363
1354	1364
1355	1365
1356	1366
1357	1367
1358	1368
1359	1369
1360	1370
1361	1371
1362	1372
1363	1373
1364	1374
1365	1375
1366	1376
1367	1377
1368	1378
1369	1379
1370	1380
1371	1381
1372	1382
1373	1383
1374	1384
1375	1385
1376	1386
1377	1387
1378	1388
1379	1389
1380	1390
1381	1391
1382	1392
1383	1393
1384	1394
1385	1395
1386	1396
1387	1397
1388	1398
1389	1399
1390	1400
1391	1401
1392	1402
1393	1403
1394	1404
1395	1405
1396	1406
1397	1407
1398	1408
1399	1409
1400	1410
1401	1411
1402	1412
1403	1413
1404	1414
1405	1415
1406	1416
1407	1417
1408	1418
1409	1419
1410	1420
1411	1421
1412	1422
1413	1423
1414	1424
1415	1425
1416	1426
1417	1427
1418	1428
1419	1429
1420	1430
1421	1431
1422	1432
1423	1433
1424	1434
1425	1435
1426	1436
1427	1437
1428	1438
1429	1439
1430	1440
1431	1441
1432	1442
1433	1443
1434	1444
1435	1445
1436	1446
1437	1447
1438	1448
1439	1449
1440	1450
1441	1451
1442	1452
1443	1453
1444	1454
1445	1455
1446	1456
1447	1457
1448	1458
1449	1459
1450	1460
1451	1461
1452	1462
1453	1463
1454	1464
1455	1465
1456	1466
1457	1467
1458	1468
1459	1469
1460	1470
1461	1471
1462	1472
1463	1473
1464	1474
1465	1475
1466	1476
1467	1477
1468	1478
1469	1479
1470	1480
1471	1481
1472	1482
1473	1483
1474	1484
1475	1485
1476	1486
1477	1487
1478	1488
1479	1489
1480	1490
1481	1491
1482	1492
1483	1493
1484	1494
1485	1495
1486	1496
1487	1497
1488	1498
1489	1499
1490	1500
1491	1501
1492	1502
1493	1503
1494	1504
1495	1505
1496	1506
1497	1507
1498	1508
1499	1509
1500	1510
1501	1511
1502	1512
1503	1513
1504	1514
1505	1515
1506	1516
1507	1517
1508	1518
1509	1519
1510	1520
1511	1521
1512	1522
1513	1523
1514	1524
1515	1525
1516	1526
1517	1527
1518	1528
1519	1529
1520	1530
1521	1531
1522	1532
1523	1533
1524	1534
1525	1535
1526	1536
1527	1537
1528	1538
1529	1539
1530	1540
1531	1541
1532	1542
1533	1543
1534	1544
1535	1545
1536	1546
1537	1547
1538	1548
1539	1549
1540	1550
1541	1551
1542	1552
1543	1553
1544	1554
1545	1555
1546	1556
1547	1557
1548	1558
1549	1559
1550	1560
1551	1561
1552	1562
1553	1563
1554	1564
1555	1565
1556	1566
1557	1567
1558	1568
1559	1569
1560	1570
1561	1571
1562	1572
1563	1573
1564	1574
1565	1575
1566	1576
1567	1577
1568	1578
1569	1579
1570	1580
1571	1581
1572	1582
1573	1583
1574	1584
1575	1585
1576	1586
1577	1587
1578	1588
1579	1589
1580	1590
1581	1591
1582	1592
1583	1593
1584	1594
1585	1595
1586	1596
1587	1597
1588	1598
1589	1599
1590	1600
1591	1601
1592	1602
1593	1603
1594	1604
1595	1605
1596	1606
1597	1607
1598	1608
1599	1609
1600	1610
1601	1611
1602	1612
1603	1613
1604	1614
1605	1615
1606	1616
1607	1617
1608	1618
1609	1619
1610	1620
1611	1621
1612	1622
1613	1623
1614	1624
1615	1625
1616	1626
1617	1627
1618	1628
1619	1629
1620	1630
1621	1631
1622	1632
1623	1633
1624	1634
1625	1635
1626	1636
1627	1637
1628	1638
1629	1639
1630	1640
1631	1641
1632	1642
1633	1643
1634	1644
1635	1645
1636	1646
1637	1647
1638	1648
1639	1649
1640	1650
1641	1651
1642	1652
1643	1653
1644	1654
1645	1655
1646	1656
1647	1657
1648	1658
1649	1659
1650	1660
1651	1661
1652	1662
1653	1663
1654	1664
1655	1665
1656	1666
1657	1667
1658	1668
1659	1669
1660	1670
1661	1671
1662	1672
1663	1673
1664	1674
1665	1675
1666	1676
1667	1677
1668	1678
1669	1679
1670	1680
1671	1681
1672	1682
1673	1683
1674	1684
1675	1685
1676	1686
1677	1687
1678	1688
1679	1689
1680	1690
1681	1691
1682	1692
1683	1693
1684	1694
1685	1695
1686	1696
1687	1697
1688	1698
1689	1699
1690	1700
1691	1701
1692	1702
1693	1703
1694	1704
1695	1705
1696	1706
1697	1707
1698	1708
1699	1709
1700	1710
1701	1711
1702	1712
1703	1713
1704	1714
1705	1715
1706	1716
1707	1717
1708	1718
1709	1719
1710	1720
1711	1721
1712	1722
1713	1723
1714	1724
1715	1725
1716	1726
1717	1727
1718	1728
1719	1729
1720	1730
1721	1731
1722	1732
1723	1733
1724	1734
1725	1735
1726	1736
1727	1737
1728	1738
1729	1739
1730	1740
1731	1741
1732	1742
1733	1743
1734	1744
1735	1745
1736	1746
1737	1747
1738	1748
1739	1749
1740	1750
1741	1751
1742	1752
1743	1753
1744	1754
1745	1755
1746	1756
1747	1757
1748	1758
1749	1759
1750	1760
1751	1761
1752	1762
1753	1763
1754	1764
1755	1765
1756	1766
1757	1767
1758	1768
1759	1769
1760	1770
1761	1771
1762	1772
1763	1773
1764	1774
1765	1775
1766	1776
1767	1777
1768	1778
1769	1779
1770	1780
1771	1781
1772	1782
1773	1783
1774	1784
1775	1785
1776	1786
1777	1787
1778	1788
1779	1789
1780	1790
1781	1791
1782	1792
1783	1793
1784	1794
1785	1795
1786	1796
1787	1797
1788	1798
1789	1799
1790	1800
1791	1801
1792	1802
1793	1803
1794	1804
1795	1805
1796	1806
1797	1807
1798	1808
1799	1809
1800	1810
1801	1811
1802	1812
1803	1813
1804	1814
1805	1815
1806	1816
1807	1817
1808	1818
1809	1819
1810	1820
1811	1821
1812	1822
1813	1823
1814	1824
1815	1825
1816	1826
1817	1827
1818	1828
1819	1829
1820	1830
1821	1831
1822	1832
1823	1833
1824	1834
1825	1835
1826	1836
1827	1837
1828	1838
1829	1839
1830	1840
1831	1841
1832	1842
1833	1843
1834	1844
1835	1845
1836	1846
1837	1847
1838	1848
1839	1849
1840	1850
1841	1851
1842	1852
1843	1853
1844	1854
1845	1855
1846	1856
1847	1857
1848	1858
1849	1859
1850	1860
1851	1861
1852	1862
1853	1863
1854	1864
1855	1865
1856	1866
1857	1867
1858	1868
1859	1869
1860	1870
1861	1871
1862	1872
1863	1873
1864	1874
1865	1875
1866	1876
1867	1877
1868	1878
1869	1879
1870	1880
1871	1881
1872	1882
1873	1883
1874	1884
1875	1885
1876	1886
1877	1887
1878	1888
1879	1889
1880	1890
1881	1891
1882	1892
1883	1893
1884	1894
1885	1895
1886	1896
1887	1897
1888	1898
1889	1899
1890	1900
1891	1901
1892	1902
1893	1903
1894	1904
1895	1905
1896	1906
1897	1907
1898	1908
1899	1909
1900	1910
1901	1911
1902	1912
1903	1913
1904	1914
1905	1915
1906	1916
1907	1917
1908	1918
1909	1919
1910	1920
1911	1921
1912	1922
1913	1923
1914	1924
1915	1925
1916	1926
1917	1927
1918	1928
1919	1929
1920	1930
1921	1931
1922	1932
1923	1933
1924	1934
1925	1935
1926	1936
1927	1937
1928	1938
1929	1939
1930	1940
1931	1941
1932	1942
1933	1943
1934	1944
1935	1945
1936	1946
1937	1947
1938	1948
1939	1949
1940	1950
1941	1951
1942	1952
1943	1953
1944	1954
1945	1955
1946	1956
1947	1957
1948	1958
1949	1959
1950	1960
1951	1961
1952	1962
1953	1963
1954	1964
1955	1965
1956	1966
1957	1967
1958	1968
1959	1969
1960	1970
1961	1971
1962	1972
1963	1973
1964	1974
1965	1975
1966	1976
1967	1977
1968	1978
1969	1979
1970	1980
1971	1981
1972	1982
1973	1983
1974	1984
1975	1985
1976	1986
1977	1987
1978	1988
1979	1989
1980	1990
1981	1991
1982	1992
1983	1993
1984	1994
1985	1995
1986	1996
1987	1997
1988	1998
1989	1999
1990	2000
1991	2001
1992	2002
1993	2003
1994	2004
1995	2005
1996	2006
1997	2007
1998	2008
1999	2009
2000	2010
2001	2011
2002	2012
2003	2013
2004	2014
2005	2015
2006	2016
2007	2017
2008	2018
2009	2019
2010	2020
2011	2021
2012	2022
2013	2023
2014	2024
2015	2025
2016	2026
2017	2027
2018	2028
2019	2029
2020	2030
2021	2031
2022	2032
2023	2033
2024	2034
2025	2035
2026	2036
2027	2037
2028	2038
2029	2039
2030	2040
2031	2041
2032	2042
2033	2043
2034	2044
2035	2045
2036	2046
2037	2047
2038	2048
2039	2049
2040	2050
2041	2051
2042	2052
2043	2053
2044	2054
2045	2055
2046	2056
2047	2057
2048	2058
2049	2059
2050	2060
2051	2061
2052	2062
2053	2063
2054	2064
2055	2065
2056	2066
2057	2067
2058	2068
2059	2069
2060	2070
2061	2071
2062	2072
2063	2073
2064	2074
2065	2075
2066	2076
2067	2077
2068	2078
2069	2079
2070	2080
2071	2081
2072	2082
2073	2083
2074	2084
2075	2085
2076	2086
2077	2087
2078	2088
2079	2089
2080	2090
2081	2091
2082	2092
2083	2093
2084	2094
2085	2095
2086	2096
2087	2097
2088	2098
2089	2099
2090	2100
2091	2101
2092	2102
2093	2103
2094	2104
2095	2105
2096	2106
2097	2107
2098	2108
2099	2109
2100	2110
2101	2111
2102	2112
2103	2113
2104	2114
2105	2115
2106	2116
2107	2117
2108	2118
2109	2119
2110	2120
2111	2121
2112	2122
2113	2123
2114	2124
2115	2125
2116	2126
2117	2127
2118	2128
2119	2129
2120	2130
2121	2131
2122	2132
2123	2133
2124	2134
2125	2135
2126	2136
2127	2137
2128	2138
2129	2139
2130	2140
2131	2141
2132	2142
2133	2143
2134	2144
2135	2145
2136	2146
2137	2147
2138	2148
2139	2149
2140	2150
2141	2151
2142	2152
2143	2153
2144	2154
2145	2155
2146	2156
2147	2157
2148	2158
2149	2159
2150	2160
2151	2161
2152	2162
2153	2163
2154	2164
2155	2165
2156	2166
2157	2167
2158	2168
2159	2169
2160	2170
2161	2171
2162	2172
2163	2173
2164	2174
2165	2175
2166	2176
2167	2177
2168	2178
2169	2179
2170	2180
2171	2181
2172	2182
2173	2183
2174	2184
2175	2185
2176	2186
2177	2187
2178	2188
2179	2189
2180	2190
2181	2191
2182	2192
2183	2193
2184	2194
2185	2195
2186	2196
2187	2197
2188	2198
2189	2199
2190	2200
2191	2201
2192	2202
2193	2203
2194	2204
2195	2205
2196	2206
2197	2207
2198	2208
2199	2209
2200	2210
2201	2211
2202	2212
2203	2213
2204	2214
2205	2215
2206	2216
2207	2217
2208	2218
2209	2219
2210	2220
2211	2221
2212	2222
2213	2223
2214	2224
2215	2225
2216	2226
2217	2227
2218	2228
2219	2229
2220	2230
2221	2231
2222	2232
2223	2233
2224	2234
2225	2235
2226	2236
2227	2237
2228	2238
2229	2239
2230	2240
2231	2241
2232	2242
2233	2243
2234	2244
2235	2245
2236	2246
2237	2247
2238	2248
2239	2249
2240	2250
2241	2251
2242	2252
2243	2253
2244	2254
2245	2255
2246	2256
2247	2257
2248	2258
2249	2259
2250	2260
2251	2261
2252	2262
2253	2263
2254	2264
2255	2265
2256	2266
2257	2267
2258	2268
2259	2269
2260	2270
2261	2271
2262	2272
2263	2273
2264	2274
2265	2275
2266	2276
2267	2277
2268	2278
2269	2279
2270	2280
2271	2281
2272	2282
2273	2283
2274	2284
2275	2285
2276	2286
2277	2287
2278	2288
2279	2289
2280	2290
2281	2291
2282	2292
2283	2293
2284	2294
2285	2295
2286	2296
2287	2297
2288	2298
2289	2299
2290	2300
2291	2301
2292	2302
2293	2303
2294	2304
2295	2305
2296	2306
2297	2307
2298	2308
2299	2309
2300	2310
2301	2311
2302	2312
2303	2313
2304	2314
2305	2315
2306	2316
2307	2317
2308	2318
2309	2319
2310	2320
2311	2321
2312	2322
2313	2323
2314	2324
2315	2325
2316	2326
2317	2327
2318	2328
2319	2329
2320	2330
2321	2331
2322	2332
2323	2333
2324	2334
2325	2335
2326	2336
2327	2337
2328	2338
2329	2339
2330	2340
2331	2341
2332	2342
2333	2343
2334	2344
2335	2345
2336	2346
2337	2347
2338	2348
2339	2349
2340	2350
2341	2351
2342	2352
2343	2353
2344	2354
2345	2355
2346	2356
2347	2357
2348	2358
2349	2359
2350	2360
2351	2361
2352	2362
2353	2363
2354	2364
2355	2365
2356	2366
2357	2367
2358	2368
2359	2369
2360	2370
2361	2371
2362	2372
2363	2373
2364	2374
2365	2375
2366	2376
2367	2377
2368	2378
2369	2379
2370	2380
2371	2381
2372	2382
2373	2383
2374	2384
2375	2385
2376	2386
2377	2387
2378	2388
2379	2389
2380	2390
2381	2391
2382	2392
2383	2393
2384	2394
2385	2395
2386	2396
2387	2397
2388	2398
2389	2399
2390	2400
2391	2401
2392	2402
2393	2403
2394	2404
2395	2405
2396	2406
2397	2407
2398	2408
2399	2409
2400	2410
2401	2411
2402	2412
2403	2413
2404	2414
2405	2415
2406	2416
2407	2417
2408	2418
2409	2419
2410	2420
2411	2421
2412	2422
2413	2423
2414	2424
2415	2425
2416	2426
2417	2427
2418	2428
2419	2429
2420	2430
2421	2431
2422	2432
2423	2433
2424	2434
2425	2435
2426	2436
2427	2437
2428	2438
2429	2439
2430	2440
2431	2441
2432	2442
2433	2443
2434	2444
2435	2445
2436	2446
2437	2447
2438	2448
2439	2449
2440	2450
2441	2451
2442	2452
2443	2453
2444	2454
2445	2455
2446	2456
2447	2457
2448	2458
2449	2459
2450	2460
2451	2461
2452	2462
2453	2463
2454	2464
2455	2465
2456	2466
2457	2467
2458	2468
2459	2469
2460	2470
2461	2471
2462	2472
2463	2473
2464	2474
2465	2475
2466	2476
2467	2477
2468	2478
2469	2479
2470	2480
2471	2481
2472	2482
2473	2483
2474	2484
2475	2485
2476	2486
2477	2487
2478	2488
2479	2489
2480	2490
2481	2491
2482	2492
2483	2493
2484	2494
2485	2495
2486	2496
2487	2497
2488	2498
2489	2499
2490	2500
2491	2501
2492	2502
2493	2503
2494	2504
2495	2505
2496	2506
2497	2507
2498	2508
2499	2509
2500	2510
2501	2511
2502	2512
2503	2513
2504	2514
2505	2515
2506	2516
2507	2517
2508	2518
2509	2519
2510	2520
2511	2521
2512	2522
2513	2523
2514	2524
2515	2525
2516	2526
2517	2527
2518	2528
2519	2529
2520	2530
2521	2531
2522	2532
2523	2533
2524	2534
2525	2535
2526	2536
2527	2537
2528	2538
2529	2539
2530	2540
2531	2541
2532	2542
2533	2543
2534	2544
2535	2545
2536	2546
2537	2547
2538	2548
2539	2549
2540	2550
2541	2551
2542	2552
2543	2553
2544	2554
2545	2555
2546	2556
2547	2557
2548	2558
2549	2559
2550	2560
2551	2561
2552	2562
2553	2563
2554	2564
2555	2565
2556	2566
2557	2567
2558	2568
2559	2569
2560	2570
2561	2571
2562	2572
2563	2573
2564	2574
2565	2575
2566	2576
2567	2577
2568	2578
2569	2579
2570	2580
2571	2581
2572	2582
2573	2583
2574	2584
2575	2585
2576	2586
2577	2587
2578	2588
2579	2589
2580	2590
2581	2591
2582	2592
2583	2593
2584	2594
2585	2595
2586	2596
2587	2597
2588	2598
2589	2599
2590	2600
2591	2601
2592	2602
2593	2603
2594	2604
2595	2605
2596	2606
2597	2607
2598	2608
2599	2609
2600	2610
2601	2611
2602	2612
2603	2613
2604	2614
2605	2615
2606	2616
2607	2617
2608	2618
2609	2619
2610	2620
2611	2621
2612	2622
2613	2623
2614	2624
2615	2625
2616	2626
2617	2627
2618	2628
2619	2629
2620	2630
2621	2631
2622	2632
2623	2633
2624	2634
2625	2635
2626	2636
2627	2637
2628	2638
2629	2639
2630	2640
2631	2641
2632	2642
2633	2643
2634	2644
2635	2645
2636	2646
2637	2647
2638	2648
2639	2649
2640	2650
2641	2651
2642	2652
2643	2653
2644	2654
2645	2655
2646	2656
2647	2657
2648	2658
2649	2659
2650	2660
2651	2661
2652	2662
2653	2663
2654	2664
2655	2665
2656	2666
2657	2667
2658	2668
2659	2669
2660	2670
2661	2671
2662	2672
2663	2673
2664	2674
2665	2675
2666	2676
2667	2677
2668	2678
2669	2679
2670	2680
2671	2681
2672	2682
2673	2683
2674	2684
2675	2685
2676	2686
2677	2687
2678	2688
2679	2689
2680	2690
2681	2691
2682	2692
2683	2693
2684	2694
2685	2695
2686	2696
2687	2697
2688	2698
2689	2699
2690	2700
2691	2701
2692	2702
2693	2703
2694	2704
2695	2705
2696	2706
2697	2707
2698	2708
2699	2709
2700	2710
2701	2711
2702	2712
2703	2713
2704	2714
2705	2715
2706	2716
2707	2717
2708	2718
2709	2719
2710	2720
2711	2721
2712	2722
2713	2723
2714	2724
2715	2725
2716	2726
2717	2727
2718	2728
2719	2729
2720	2730
2721	2731
2722	2732
2723	2733
2724	2734
2725	2735
2726	2736
2727	2737
2728	2738
2729	2739
2730	2740
2731	2741
2732	2742
2733	2743
2734	2744
2735	2745
2736	2746
2737	2747
2738	2748
2739	2749
2740	2750
2741	2751
2742	2752
2743	2753
2744	2754
2745	2755
2746	2756
2747	2757
2748	2758
2749	2759
2750	2760
2751	2761
2752	2762
2753	2763
2754	2764
2755	2765
2756	2766
2757	2767
2758	2768
2759	2769
2760	2770
2761	2771
2762	2772
2763	2773
2764	2774
2765	2775
2766	2776
2767	2777
2768	2778
2769	2779
2770	2780
2771	2781
2772	2782
2773	2783
2774	2784
2775	2785
2776	2786
2777	2787
2778	2788
2779	2789
2780	2790
2781	2791
2782	2792
2783	2793
2784	2794
2785	2795
2786	2796
2787	2797
2788	2798
2789	2799
2790	2800
2791	2801
2792	2802
2793	2803
2794	2804
2795	2805
2796	2806
2797	2807
2798	2808
2799	2809
2800	2810
2801	2811
2802	2812
2803	2813
2804	2814
2805	2815
2806	2816
2807	2817
2808	2818
2809	2819
2810	2820
2811	2821
2812	2822
2813	2823
2814	2824
2815	2825
2816	2826
2817	2827
2818	2828
2819	2829
2820	2830
2821	2831
2822	2832
2823	2833
2824	2834
2825	2835
2826	2836
2827	2837
2828	2838
2829	2839
2830	2840
2831	2841
2832	2842
2833	2843
2834	2844
2835	2845
2836	2846
2837	2847
2838	2848
2839	2849
2840	2850
2841	2851
2842	2852
2843	2853
2844	2854
2845	2855
2846	2856
2847	2857
2848	2858
2849	2859
2850	2860
2851	2861
2852	2862
2853	2863
2854	2864
2855	2865
2856	2866
2857	2867
2858	2868
2859	2869
2860	2870
2861	2871
2862	2872
2863	2873
2864	2874
2865	2875
2866	2876
2867	2877
2868	2878
2869	2879
2870	2880
2871	2881
2872	2882
2873	2883
2874	2884
2875	2885
2876	2886
2877	2887
2878	2888
2879	2889
2880	2890
2881	2891
2882	2892
2883	2893
2884	2894
2885	2895
2886	2896
2887	2897
2888	2898
2889	2899
2890	2900
2891	2901
2892	2902
2893	2903
2894	2904
2895	2905
2896	2906
2897	2907
2898	2908
2899	2909
2900	2910
2901	2911
2902	2912
2903	2913
2904	2914
2905	2915
2906	2916
2907	2917
2908	2918
2909	2919
2910	2920
2911	2921
2912	2922
2913	2923
2914	2924
2915	2925
2916	2926
2917	2927
2918	2928
2919	2929
2920	2930
2921	2931
2922	2932
2923	2933
2924	2934
2925	2935
2926	2936
2927	2937
2928	2938
2929	2939
2930	2940
2931	2941
2932	2942
2933	2943
2934	2944
2935	2945
2936	2946
2937	2947
2938	2948
2939	2949
2940	2950
2941	2951
2942	2952
2943	2953
2944	2954
2945	2955
2946	2956
2947	2957
2948	2958
2949	2959
2950	2960
2951	2961
2952	2962
2953	2963
2954	2964
2955	2965
2956	2966
2957	2967
2958	2968
2959	2969
2960	2970
2961	2971
2962	2972
2963	2973
2964	2974
2965	2975
2966	2976
2967	2977
2968	2978
2969	2979
2970	2980
2971	2981
2972	2982
2973	2983
2974	2984
2975	2985
2976	2986
2977	2987
2978	2988
2979	2989
2980	2990
2981	2991
2982	2992
2983	2993
2984	2994
2985	2995
2986	2996
2987	2997
2988	2998
2989	2999
2990	3000
2991	3001
2992	3002
2993	3003
2994	3004
2995	3005
2996	3006
2997	3007
2998	3008
2999	3009
3000	3010
3001	3011
3002	3012
3003	3013
3004	3014
3005	3015
3006	3016
3007	3017
3008	3018
3009	3019
3010	3020
3011	3021
3012	3022
3013	3023
3014	3024
3015	3025
3016	3026
3017	3027
3018	3028
3019	3029
3020	3030
3021	3031
3022	3032
3023	3033
3024	3034
3025	3035
3026	3036
3027	3037
3028	3038
3029	3039
3030	3040
3031	3041
3032	3042
3033	3043
3034	3044
3035	3045
3036	3046
3037	3047
3038	3048
3039	3049
3040	3050
3041	3051
3042	3052
3043	3053
3044	3054
3045	3055
3046	3056
3047	3057
3048	3058
3049	3059
3050	3060
3051	3061
3052	3062
3053	3063
3054	3064
3055	3065
3056	3066
3057	3067
3058	3068
3059	3069
3060	3070
3061	3071
3062	3072
3063	3073
3064	3074
3065	3075
3066	3076
3067	3077
3068	3078
3069	3079
3070	3080
3071	3081
3072	3082
3073	3083
3074	3084
3075	3085
3076	3086
3077	3087
3078	3088
3079	3089
3080	3090
3081	3091
3082	3092
3083	3093
3084	3094
3085	3095
3086	3096
3087	3097
3088	3098
3089	3099
3090	3100
3091	3101
3092	3102
3093	3103
3094	3104
3095	3105
3096	3106
3097	3108
3098	3109
3099	3110
3100	3111
3101	3112
3102	3113
3103	3114
3104	3115
3105	3116
3106	3117
3107	3118
3108	3119
3109	3120
3110	3121
3111	3122
3112	3123
3113	3124
3114	3125
3115	3126
3116	3127
3117	3128
3118	3129
3119	3130
3120	3131
3121	3132
3122	3133
3123	3134
3124	3135
3125	3136
3126	3137
3127	3138
3128	3139
3129	3140
3130	3141
3131	3142
3132	3143
3133	3144
3134	3145
3135	3146
3136	3147
3137	3148
3138	3149
3139	3150
3140	3151
3141	3152
3142	3153
3143	3154
3144	3155
3145	3156
3146	3157
3147	3158
3148	3159
3149	3160
3150	3161
3151	3162
3152	3163
3153	3164
3154	3165
3155	3166
3156	3167
3157	3168
3158	3169
3159	3170
3160	3171
3161	3172
3162	3173
3163	3174
3164	3175
3165	3176
3166	3177
3167	3178
3168	3179
3169	3180
3170	3181
3171	3182
3172	3183
3173	3184
3174	3185
3175	3186
3176	3187
3177	3188
3178	3189
3179	3190
3180	3191
3181	3192
3182	3193
3183	3194
3184	3195
3185	3196
3186	3197
3187	3198
3188	3199
3189	3200
3190	3201
3191	3202
3192	3203
3193	3204
3194	3205
3195	3206
3196	3207
3197	3208
3198	3209
3199	3210
3200	3211
3201	3212
3202	3213
3203	3214
3204	3215
3205	3216
3206	3217
3207	3218
3208	3219
3209	3220
3210	3221
3211	3222
3212	3223
3213	3224
3214	3225
3215	3226
3216	3227
3217	3228
3218	3229
3219	3230
3220	3231
3221	3232
3222	3233
3223	3234
3224	3235
3225	3236
3226	3237
3227	3238
3228	3239
3229	3240
3230	3241
3231	3242
3232	3243
3233	3244
3234	3245
3235	3246
3236	3247
3237	3248
3238	3249
3239	3250
3240	3251
3241	3252
3242	3253
3243	3254
3244	3255
3245	3256
3246	3257
3247	3258
3248	3259
3249	3260
3250	3261
3251	3262
3252	3263
3253	3264
3254	3265
3255	3266
3256	3267
3257	3268
3258	3269
3259	3270
3260	3271
3261	3272
3262	3273
3263	3274
3264	3275
3265	3276
3266	3277
3267	3278
3268	3279
3269	3280
3270	3281
3271	3282
3272	3283
3273	3284
3274	3285
3275	3286
3276	3287
3277	3288
3278	3289
3279	3290
3280	3291
3281	3292
3282	3293
3283	3294
3284	3295
3285	3296
3286	3297
3287	3298
3288	3299
3289	3300
3290	3301
3291	3302
3292	3303
3293	3304
3294	3305
3295	3306
3296	3307
3297	3308
3298	3309
3299	3310
3300	3311
3301	3312
3302	3313
3303	3314
3304	3315
3305	3316
3306	3317
3307	3318
3308	3319
3309	3320
3310	3321
3311	3322
3312	3323
3313	3324
3314	3325
3315	3326
3316	3327
3317	3328
3318	3329
3319	3330
3320	3331
3321	3332
3322	3333
3323	3334
3324	3335
3325	3336
3326	3337
3327	3338
3328	3339
3329	3340
3330	3341
3331	3342
3332	3343
3333	3344
3334	3345
3335	3346
3336	3347
3337	3348
3338	3349
3339	3350
3340	3351
3341	3352
3342	3353
3343	3354
3344	3355
3345	3356
3346	3357
3347	3358
3348	3359
3349	3360
3350	3361
3351	3362
3352	3363
3353	3364
3354	3365
3355	3366
3356	3367
3357	3368
3358	3369
3359	3370
3360	3371
3361	3372
3362	3373
3363	3374
3364	3375
3365	3376
3366	3377
3367	3378
3368	3379
3369	3380
3370	3381
3371	3382
3372	3383
3373	3384
3374	3385
3375	3386
3376	3387
3377	3388
3378	3389
3379	3390
3380	3391
3381	3392
3382	3393
3383	3394
3384	3395
3385	3396
3386	3397
3387	3398
3388	3399
3389	3400
3390	3401
3391	3402
3392	3403
3393	3404
3394	3405
3395	3406
3396	3407
3397	3408
3398	3409
3399	3410
3400	3411
3401	3412
3402	3413
3403	3414
3404	3415
3405	3416
3406	3417
3407	3418
3408	3419
3409	3420
3410	3421
3411	3422
3412	3423
3413	3424
3414	3425
3415	3426
3416	3427
3417	3428
3418	3429
3419	3430
3420	3431
3421	3432
3422	3433
3423	3434
3424	3435
3425	3436
3426	3437
3427	3438
3428	3439
3429	3440
3430	3441
3431	3442
3432	3443
3433	3444
3434	3445
3435	3446
3436	3447
3437	3448
3438	3449
3439	3450
3440	3451
3441	3452
3442	3453
3443	3454
3444	3455
3445	3456
3446	3457
3447	3458
3448	3459
3449	3460
3450	3461
3451	3462
3452	3463
3453	3464
3454	3465
3455	3466
3456	3467
3457	3468
3458	3469
3459	3470
3460	3471
3461	3472
3462	3473
3463	3474
3464	3475
3465	3476
3466	3477
3467	3478
3468	3479
3469	3480
3470	3481
3471	3482
3472	3483
3473	3484
3474	3485
3475	3486
3476	3487
3477	3488
3478	3489
3479	3490
3480	3491
3481	3492
3482	3493
3483	3494
3484	3495
3485	3496
3486	3497
3487	3498
3488	3499
3489	3500
3490	3501
3491	3502
3492	3503
3493	3504
3494	3505
3495	3506
3496	3507
3497	3508
3498	3509
3499	3510
3500	3511
3501	3512
3502	3513
3503	3514
3504	3515
3505	3516
3506	3517
3507	3518
3508	3519
3509	3520
3510	3521
3511	3522
3512	3523
3513	3524
3514	3525
3515	3526
3516	3527
3517	3528
3518	3529
3519	3530
3520	3531
3521	3532
3522	3533
3523	3534
3524	3535
3525	3536
3526	3537
3527	3538
3528	3539
3529	3540
3530	3541
3531	3542
3532	3543
3533	3544
3534	3545
3535	3546
3536	3547
3537	3548
3538	3549
3539	3550
3540	3551
3541	3552
3542	3553
3543	3554
3544	3555
3545	3556
3546	3557
3547	3558
3548	3559
3549	3560
3550	3561
3551	3562
3552	3563
3553	3564
3554	3565
3555	3566
3556	3567
3557	3568
3558	3569
3559	3570
3560	3571
3561	3572
3562	3573
3563	3574
3564	3575
3565	3576
3566	3577
3567	3578
3568	3579
3569	3580
3570	3581
3571	3582
3572	3583
3573	3584
3574	3585
3575	3586
3576	3587
3577	3588
3578	3589
3579	3590
3580	3591
3581	3592
3582	3593
3583	3594
3584	3595
3585	3596
3586	3597
3587	3598
3588	3599
3589	3600
3590	3601
3591	3602
3592	3603
3593	3604
3594	3605
3595	3606
3596	3607
3597	3608
3598	3609
3599	3610
3600	3611
3601	3612
3602	3613
3603	3614
3604	3615
3605	3616
3606	3617
3607	3618
3608	3619
3609	3620
3610	3621
3611	3622
3612	3623
3613	3624
3614	3625
3615	3626
3616	3627
3617	3628
3618	3629
3619	3630
3620	3631
3621	3632
3622	3633
3623	3634
3624	3635
3625	3636
3626	3637
3627	3638
3628	3639
3629	3640
3630	3641
3631	3642
3632	3643
3633	3644
3634	3645
3635	3646
3636	3647
3637	3648
3638	3649
3639	3650
3640	3651
3641	3652
3642	3653
3643	3654
3644	3655
3645	3656
3646	3657
3647	3658
3648	3659
3649	3660
3650	3661
3651	3662
3652	3663
3653	3664
3654	3665
3655	3666
3656	3667
3657	3668
3658	3669
3659	3670
3660	3671
3661	3672
3662	3673
3663	3674
3664	3675
3665	3676
3666	3677
3667	3678
3668	3679
3669	3680
3670	3681
3671	3682
3672	3683
3673	3684
3674	3685
3675	3686
3676	3687
3677	3688
3678	3689
3679	3690
3680	3691
3681	3692
3682	3693
3683	3694
3684	3695
3685	3696
3686	3697
3687	3698
3688	3699
3689	3700
3690	3701
3691	3702
3692	3703
3693	3704
3694	3705
3695	3706
3696	3707
3697	3708
3698	3709
3699	3710
3700	3711
3701	3712
3702	3713
3703	3714
3704	3715
3705	3716
3706	3717
3707	3718
3708	3719
3709	3720
3710	3721
3711	3722
3712	3723
3713	3724
3714	3725
3715	3726
3716	3727
3717	3728
3718	3729
3719	3730
3720	3731
3721	3732
3722	3733
3723	3734
3724	3735
3725	3736
3726	3737
3727	3738
3728	3739
3729	3740
3730	3741
3731	3742
3732	3743
3733	3744
3734	3745
3735	3746
3736	3747
3737	3748
3738	3749
3739	3750
3740	3751
3741	3752
3742	3753
3743	3754
3744	3755
3745	3756
3746	3757
3747	3758
3748	3759
3749	3760
3750	3761
3751	3762
3752	3763
3753	3764
3754	3765
3755	3766
3756	3767
3757	3768
3758	3769
3759	3770
3760	3771
3761	3772
3762	3773
3763	3774
3764	3775
3765	3776
3766	3777
3767	3778
3768	3779
3769	3780
3770	3781
3771	3782
3772	3783
3773	3784
3774	3785
3775	3786
3776	3787
3777	3788
3778	3789
3779	3790
3780	3791
3781	3792
3782	3793
3783	3794
3784	3795
3785	3796
3786	3797
3787	3798
3788	3799
3789	3800
3790	3801
3791	3802
3792	3803
3793	3804
3794	3805
3795	3806
3796	3807
3797	3808
3798	3809
3799	3810
3800	3811
3801	3812
3802	3813
3803	3814
3804	3815
3805	3816
3806	3817
3807	3818
3808	3819
3809	3820
3810	3821
3811	3822
3812	3823
3813	3824
3814	3825
3815	3826
3816	3827
3817	3828
3818	3829
3819	3830
3820	3831
3821	3832
3822	3833
3823	3834
3824	3835
3825	3836
3826	3837
3827	3838
3828	3839
3829	3840
3830	3841
3831	3842
3832	3843
3833	3844
3834	3845
3835	3846
3836	3847
3837	3848
3838	3849
3839	3850
3840	3851
3841	3852
3842	3853
3843	3854
3844	3855
3845	3856
3846	3857
3847	3858
3848	3859
3849	3860
3850	3861
3851	3862
3852	3863
3853	3864
3854	3865
3855	3866
3856	3867
3857	3868
3858	3869
3859	3870
3860	3871
3861	3872
3862	3873
3863	3874
3864	3875
3865	3876
3866	3877
3867	3878
3868	3879
3869	3880
3870	3881
3871	3882
3872	3883
3873	3884
3874	3885
3875	3886
3876	3887
3877	3888
3878	3889
3879	3890
3880	3891
3881	3892
3882	3893
3883	3894
3884	3895
3885	3896
3886	3897
3887	3898
3888	3899
3889	3900
3890	3901
3891	3902
3892	3903
3893	3904
3894	3905
3895	3906
3896	3907
3897	3908
3898	3909
3899	3910
3900	3911
3901	3912
3902	3913
3903	3914
3904	3915
3905	3916
3906	3917
3907	3918
3908	3919
3909	3920
3910	3921
3911	3922
3912	3923
3913	3924
3914	3925
3915	3926
3916	3927
3917	3928
3918	3929
3919	3930
3920	3931
3921	3932
3922	3933
3923	3934
3924	3935
3925	3936
3926	3937
3927	3938
3928	3939
3929	3940
3930	3941
3931	3942
3932	3943
3933	3944
3934	3945
3935	3946
3936	3947
3937	3948
3938	3949
3939	3950
3940	3951
3941	3952
3942	3953
3943	3954
3944	3955
3945	3956
3946	3957
3947	3958
3948	3959
3949	3960
3950	3961
3951	3962
3952	3963
3953	3964
3954	3965
3955	3966
3956	3967
3957	3968
3958	3969
3959	3970
3960	3971
3961	3972
3962	3973
3963	3974
3964	3975
3965	3976
3966	3977
3967	3978
3968	3979
3969	3980
3970	3981
3971	3982
3972	3983
3973	3984
3974	3985
3975	3986
3976	3987
3977	3988
3978	3989
3979	3990
3980	3991
3981	3992
3982	3993
3983	3994
3984	3995
3985	3996
3986	3997
3987	3998
3988	3999
3989	4000
3990	4001
3991	4002
3992	4003
3993	4004
3994	4005
3995	4006
3996	4007
3997	4008
3998	4009
3999	4010
4000	4011
4001	4012
4002	4013
4003	4014
4004	4015
4005	4016
4006	4017
4007	4018
4008	4019
4009	4020
4010	4021
4011	4022
4012	4023
4013	4024
4014	4025
4015	4026
4016	4027
4017	4028
4018	4029
4019	4030
4020	4031
4021	4032
4022	4033
4023	4034
4024	4035
4025	4036
4026	4037
4027	4038
4028	4039
4029	4040
4030	4041
4031	4042
4032	4043
4033	4044
4034	4045
4035	4046
4036	4047
4037	4048
4038	4049
4039	4050
4040	4051
4041	4052
4042	4053
4043	4054
4044	4055
4045	4056
4046	4057
4047	4058
4048	4059
4049	4060
4050	4061
4051	4062
4052	4063
4053	4064
4054	4065
4055	4066
4056	4067
4057	4068
4058	4069
4059	4070
4060	4071
4061	4072
4062	4073
4063	4074
4064	4075
4065	4076
4066	4077
4067	4078
4068	4079
4069	4080
4070	4081
4071	4082
4072	4083
4073	4084
4074	4085
4075	4086
4076	4087
4077	4088
4078	4089
4079	4090
4080	4091
4081	4092
4082	4093
4083	4094
4084	4095
4085	4096
4086	4097
4087	4098
4088	4099
4089	4100
4090	4101
4091	4102
4092	4103
4093	4104
4094	4105
4095	4106
4096	4107
4097	4108
4098	4109
4099	4110
4100	4111
4101	4112
4102	4113
4103	4114
4104	4115
4105	4116
4106	4117
4107	4118
4108	4119
4109	4120
4110	4121
4111	4122
4112	4123
4113	4124
4114	4125
4115	4126
4116	4127
4117	4128
4118	4129
4119	4130
4120	4131
4121	4132
4122	4133
4123	4134
4124	4135
4125	4136
4126	4137
4127	4138
4128	4139
4129	4140
4130	4141
4131	4142
4132	4143
4133	4144
4134	4145
4135	4146
4136	4147
4137	4148
4138	4149
4139	4150
4140	4151
4141	4152
4142	4153
4143	4154
4144	4155
4145	4156
4146	4157
4147	4158
4148	4159
4149	4160
4150	4161
4151	4162
4152	4163
4153	4164
4154	4165
4155	4166
4156	4167
4157	4168
4158	4169
4159	4170
4160	4171
4161	4172
4162	4173
4163	4174
4164	4175
4165	4176
4166	4177
4167	4178
4168	4179
4169	4180
4170	4181
4171	4182
4172	4183
4173	4184
4174	4185
4175	4186
4176	4187
4177	4188
4178	4189
4179	4190
4180	4191
4181	4192
4182	4193
4183	4194
4184	4195
4185	4196
4186	4197
4187	4198
4188	4199
4189	4200
4190	4201
4191	4202
4192	4203
4193	4204
4194	4205
4195	4206
4196	4207
4197	4208
4198	4209
4199	4210
4200	4211
4201	4212
4202	4213
4203	4214
4204	4215
4205	4216
4206	4217
4207	4218
4208	4219
4209	4220
4210	4221
4211	4222
4212	4223
4213	4224
4214	4225
4215	4226
4216	4227
4217	4228
4218	4229
4219	4230
4220	4231
4221	4232
4222	4233
4223	4234
4224	4235
4225	4236
4226	4237
4227	4238
4228	4239
4229	4240
4230	4241
4231	4242
4232	4243
4233	4244
4234	4245
4235	4246
4236	4247
4237	4248
4238	4249
4239	4250
4240	4251
4241	4252
4242	4253
4243	4254
4244	4255
4245	4256
4246	4257
4247	4258
4248	4259
4249	4260
4250	4261
4251	4262
4252	4263
4253	4264
4254	4265
4255	4266
4256	4267
4257	4268
4258	4269
4259	4270
4260	4271
4261	4272
4262	4273
4263	4274
4264	4275
4265	4276
4266	4277
4267	4278
4268	4279
4269	4280
4270	4281
4271	4282
4272	4283
4273	4284
4274	4285
4275	4286
4276	4287
4277	4288
4278	4289
4279	4290
4280	4291
4281	4292
4282	4293
4283	4294
4284	4295
4285	4296
4286	4297
4287	4298
4288	4299
4289	4300
4290	4301
4291	4302
4292	4303
4293	4304
4294	4305
4295	4306
4296	4307
4297	4308
4298	4309
4299	4310
4300	4311
4301	4312
4302	4313
4303	4314
4304	4315
4305	4316
4306	4317
4307	4318
4308	4319
4309	4320
4310	4321
4311	4322
4312	4323
4313	4324
4314	4325
4315	4326
4316	4327
4317	4328
4318	4329
4319	4330
4320	4331
4321	4332
4322	4333
4323	4334
4324	4335
4325	4336
4326	4337
4327	4338
4328	4339
4329	4340
4330	4341
4331	4342
4332	4343
4333	4344
4334	4345
4335	4346
4336	4347
4337	4348
4338	4349
4339	4350
4340	4351
4341	4352
4342	4353
4343	4354
4344	4355
4345	4356
4346	4357
4347	4358
4348	4359
4349	4360
4350	4361
4351	4362
4352	4363
4353	4364
4354	4365
4355	4366
4356	4367
4357	4368
4358	4369
4359	4370
4360	4371
4361	4372
4362	4373
4363	4374
4364	4375
4365	4376
4366	4377
4367	4378
4368	4379
4369	4380
4370	4381
4371	4382
4372	4383
4373	4384
4374	4385
4375	4386
4376	4387
4377	4388
4378	4389
4379	4390
4380	4391
4381	4392
4382	4393
4383	4394
4384	4395
4385	4396
4386	4397
4387	4398
4388	4399
4389	4400
4390	4401
4391	4402
4392	4403
4393	4404
4394	4405
4395	4406
4396	4407
4397	4408
4398	4409
4399	4410
4400	4411
4401	4412
4402	4413
4403	4414
4404	4415
4405	4416
4406	4417
4407	4418
4408	4419
4409	4420
4410	4421
4411	4422
4412	4423
4413	4424
4414	4425
4415	4426
4416	4427
4417	4428
4418	4429
4419	4430
4420	4431
4421	4432
4422	4433
4423	4434
4424	4435
4425	4436
4426	4437
4427	4438
4428	4439
4429	4440
4430	4441
4431	4442
4432	4443
4433	4444
4434	4445
4435	4446
4436	4447
4437	4448
4438	4449
4439	4450
4440	4451
4441	4452
4442	4453
4443	4454
4444	4455
4445	4456
4446	4457
4447	4458
4448	4459
4449	4460
4450	4461
4451	4462
4452	4463
4453	4464
4454	4465
4455	4466
4456	4467
4457	4468
4458	4469
4459	4470
4460	4471
4461	4472
4462	4473
4463	4474
4464	4475
4465	4476
4466	4477
4467	4478
4468	4479
4469	4480
4470	4481
4471	4482
4472	4483
4473	4484
4474	4485
4475	4486
4476	4487
4477	4488
4478	4489
4479	4490
4480	4491
4481	4492
4482	4493
4483	4494
4484	4495
4485	4496
4486	4497
4487	4498
4488	4499
4489	4500
4490	4501
4491	4502
4492	4503
4493	4504
4494	4505
4495	4506
4496	4507
4497	4508
4498	4509
4499	4510
4500	4511
4501	4512
4502	4513
4503	4514
4504	4515
4505	4516
4506	4517
4507	4518
4508	4519
4509	4520
4510	4521
4511	4522
4512	4523
4513	4524
4514	4525
4515	4526
4516	4527
4517	4528
4518	4529
4519	4530
4520	4531
4521	4532
4522	4533
4523	4534
4524	4535
4525	4536
4526	4537
4527	4538
4528	4539
4529	4540
4530	4541
4531	4542
4532	4543
4533	4544
4534	4545
4535	4546
4536	4547
4537	4548
4538	4549
4539	4550
4540	4551
4541	4552
4542	4553
4543	4554
4544	4555
4545	4556
4546	4557
4547	4558
4548	4559
4549	4560
4550	4561
4551	4562
4552	4563
4553	4564
4554	4565
4555	4566
4556	4567
4557	4568
4558	4569
4559	4570
4560	4571
4561	4572
4562	4573
4563	4574
4564	4575
4565	4576
4566	4577
4567	4578
4568	4579
4569	4580
4570	4581
4571	4582
4572	4583
4573	4584
4574	4585
4575	4586
4576	4587
4577	4588
4578	4589
4579	4590
4580	4591
4581	4592
4582	4593
4583	4594
4584	4595
4585	4596
4586	4597
4587	4598
4588	4599
4589	4600
4590	4601
4591	4602
4592	4603
4593	4604
4594	4605
4595	4606
4596	4607
4597	4608
4598	4609
4599	4610
4600	4611
4601	4612
4602	4613
4603	4614
4604	4615
4605	4616
4606	4617
4607	4618
4608	4619
4609	4620
4610	4621
4611	4622
4612	4623
4613	4624
4614	4625
4615	4626
4616	4627
4617	4628
4618	4629
4619	4630
4620	4631
4621	4632
4622	4633
4623	4634
4624	4635
4625	4636
4626	4637
4627	4638
4628	4639
4629	4640
4630	4641
4631	4642
4632	4643
4633	4644
4634	4645
4635	4646
4636	4647
4637	4648
4638	4649
4639	4650
4640	4651
4641	4652
4642	4653
4643	4654
4644	4655
4645	4656
4646	4657
4647	4658
4648	4659
4649	4660
4650	4661
4651	4662
4652	4663
4653	4664
4654	4665
4655	4666
4656	4667
4657	4668
4658	4669
4659	4670
4660	4671
4661	4672
4662	4673
4663	4674
4664	4675
4665	4676
4666	4677
4667	4678
4668	4679
4669	4680
4670	4681
4671	4682
4672	4683
4673	4684
4674	4685
4675	4686
4676	4687
4677	4688
4678	4689
4679	4690
4680	4691
4681	4692
4682	4693
4683	4694
4684	4695
4685	4696
4686	4697
4687	4698
4688	4699
4689	4700
4690	4701
4691	4702
4692	4703
4693	4704
4694	4705
4695	4706
4696	4707
4697	4708
4698	4709
4699	4710
4700	4711
4701	4712
4702	4713
4703	4714
4704	4715
4705	4716
4706	4717
4707	4718
4708	4719
4709	4720
4710	4721
4711	4722
4712	4723
4713	4724
4714	4725
4715	4726
4716	4727
4717	4728
4718	4729
4719	4730
4720	4731
4721	4732
4722	4733
4723	4734
4724	4735
4725	4736
4726	4737
4727	4738
4728	4739
4729	4740
4730	4741
4731	4742
4732	4743
4733	4744
4734	4745
4735	4746
4736	4747
4737	4748
4738	4749
4739	4750
4740	4751
4741	4752
4742	4753
4743	4754
4744	4755
4745	4756
4746	4757
4747	4758
4748	4759
4749	4760
4750	4761
4751	4762
4752	4763
4753	4764
4754	4765
4755	4766
4756	4767
4757	4768
4758	4769
4759	4770
4760	4771
4761	4772
4762	4773
4763	4774
4764	4775
4765	4776
4766	4777
4767	4778
4768	4779
4769	4780
4770	4781
4771	4782
4772	4783
4773	4784
4774	4785
4775	4786
4776	4787
4777	4788
4778	4789
4779	4790
4780	4791
4781	4792
4782	4793
4783	4794
4784	4795
4785	4796
4786	4797
4787	4798
4788	4799
4789	4800
4790	4801
4791	4802
4792	4803
4793	4804
4794	4805
4795	4806
4796	4807
4797	4808
4798	4809
4799	4810
4800	4811
4801	4812
4802	4813
4803	4814
4804	4815
4805	4816
4806	4817
4807	4818
4808	4819
4809	4820
4810	4821
4811	4822
4812	4823
4813	4824
4814	4825
4815	4826
4816	4827
4817	4828
4818	4829
4819	4830
4820	4831
4821	4832
4822	4833
4823	4834
4824	4835
4825	4836
4826	4837
4827	4838
4828	4839
4829	4840
4830	4841
4831	4842
4832	4843
4833	4844
4834	4845
4835	4846
4836	4847
4837	4848
4838	4849
4839	4850
4840	4851
4841	4852
4842	4853
4843	4854
4844	4855
4845	4856
4846	4857
4847	4858
4848	4859
4849	4860
4850	4861
4851	4862
4852	4863
4853	4864
4854	4865
4855	4866
4856	4867
4857	4868
4858	4869
4859	4870
4860	4871
4861	4872
4862	4873
4863	4874
4864	4875
4865	4876
4866	4877
4867	4878
4868	4879
4869	4880
4870	4881
4871	4882
4872	4883
4873	4884
4874	4885
4875	4886
4876	4887
4877	4888
4878	4889
4879	4890
4880	4891
4881	4892
4882	4893
4883	4894
4884	4895
4885	4896
4886	4897
4887	4898
4888	4899
4889	4900
4890	4901
4891	4902
4892	4903
4893	4904
4894	4905
4895	4906
4896	4907
4897	4908
4898	4909
4899	4910
4900	4911
4901	4912
4902	4913
4903	4914
4904	4915
4905	4916
4906	4917
4907	4918
4908	4919
4909	4920
4910	4921
4911	4922
4912	4923
4913	4924
4914	4925
4915	4926
4916	4927
4917	4928
4918	4929
4919	4930
4920	4931
4921	4932
4922	4933
4923	4934
4924	4935
4925	4936
4926	4937
4927	4938
4928	4939
4929	4940
4930	4941
4931	4942
4932	4943
4933	4944
4934	4945
4935	4946
4936	4947
4937	4948
4938	4949
4939	4950
4940	4951
4941	4952
4942	4953
4943	4954
4944	4955
4945	4956
4946	4957
4947	4958
4948	4959
4949	4960
4950	4961
4951	4962
4952	4963
4953	4964
4954	4965
4955	4966
4956	4967
4957	4968
4958	4969
4959	4970
4960	4971
4961	4972
4962	4973
4963	4974
4964	4975
4965	4976
4966	4977
4967	4978
4968	4979
4969	4980
4970	4981
4971	4982
4972	4983
4973	4984
4974	4985
4975	4986
4976	4987
4977	4988
4978	4989
4979	4990
4980	4991
4981	4992
4982	4993
4983	4994
4984	4995
4985	4996
4986	4997
4987	4998
4988	4999
4989	5000
4990	5001
4991	5002
4992	5003
4993	5004
4994	5005
4995	5006
4996	5007
4997	5008
4998	5009
4999	5010
5000	5011
5001	5012
5002	5013
5003	5014
5004	5015
5005	5016
5006	5017
5007	5018
5008	5019
5009	5020
5010	5021
5011	5022
5012	5023
5013	5024
5014	5025
5015	5026
5016	5027
5017	5028
5018	5029
5019	5030
5020	5031
5021	5032
5022	5033
5023	5034
5024	5035
5025	5036
5026	5037
5027	5038
5028	5039
5029	5040
5030	5041
5031	5042
5032	5043
5033	5044
5034	5045
5035	5046
5036	5047
5037	5048
5038	5049
5039	5050
5040	5051
5041	5052
5042	5053
5043	5054
5044	5055
5045	5056
5046	5057
5047	5058
5048	5059
5049	5060
5050	5061
5051	5062
5052	5063
5053	5064
5054	5065
5055	5066
5056	5067
5057	5068
5058	5069
5059	5070
5060	5071
5061	5072
5062	5073
5063	5074
5064	5075
5065	5076
5066	5077
5067	5078
5068	5079
5069	5080
5070	5081
5071	5082
5072	5083
5073	5084
5074	5085
5075	5086
5076	5087
5077	5088
5078	5089
5079	5090
5080	5091
5081	5092
5082	5093
5083	5094
5084	5095
5085	5096
5086	5097
5087	5098
5088	5099
5089	5100
5090	5101
5091	5102
5092	5103
5093	5104
5094	5105
5095	5106
5096	5107
5097	5108
5098	5109
5099	5110
5100	5111
5101	5112
5102	5113
5103	5114
5104	5115
5105	5116
5106	5117
5107	5118
5108	5119
5109	5120
5110	5121
5111	5122
5112	5123
5113	5124
5114	5125
5115	5126
5116	5127
5117	5128
5118	5129
5119	5130
5120	5131
5121	5132
5122	5133
5123	5134
5124	5135
5125	5136
5126	5137
5127	5138
5128	5139
5129	5140
5130	5141
5131	5142
5132	5143
5133	5144
5134	5145
5135	5146
5136	5147
5137	5148
5138	5149
5139	5150
5140	5151
5141	5152
5142	5153
5143	5154
5144	5155
5145	5156
5146	5157
5147	5158
5148	5159
5149	5160
5150	5161
5151	5162
5152	5163
5153	5164
5154	5165
5155	5166
5156	5167
5157	5168
5158	5169
5159	5170
5160	5171
5161	5172
5162	5173
5163	5174
5164	5175
5165	5176
5166	5177
5167	5178
5168	5179
5169	5180
5170	5181
5171	5182
5172	5183
5173	5184
5174	5185
5175	5186
5176	5187
5177	5188
5178	5189
5179	5190
5180	5191
5181	5192
5182	5193
5183	5194
5184	5195
5185	5196
5186	5197
5187	5198
5188	5199
5189	5200
5190	5201
5191	5202
5192	5203
5193	5204
5194	5205
5195	5206
5196	5207
5197	5208
5198	5209
5199	5210
5200	5211
5201	5212
5202	5213
5203	5214
5204	5215
5205	5216
5206	5217
5207	5218
5208	5219
5209	5220
5210	5221
5211	5222
5212	5223
5213	5224
5214	5225
5215	5226
5216	5227
5217	5228
5218	5229
5219	5230
5220	5231
5221	5232
5222	5233
5223	5234
5224	5235
5225	5236
5226	5237
5227	5238
5228	5239
5229	5240
5230	5241
5231	5242
5232	5243
5233	5244
5234	5245
5235	5246
5236	5247
5237	5248
5238	5249
5239	5250
5240	5251
5241	5252
5242	5253
5243	5254
5244	5255
5245	5256
5246	5257
5247	5258
5248	5259
5249	5260
5250	5261
5251	5262
5252	5263
5253	5264
5254	5265
5255	5266
5256	5267
5257	5268
5258	5269
5259	5270
5260	5271
5261	5272
5262	5273
5263	5274
5264	5275
5265	5276
5266	5277
5267	5278
5268	5279
5269	5280
5270	5281
5271	5282
5272	5283
5273	5284
5274	5285
5275	5286
5276	5287
5277	5288
5278	5289
5279	5290
5280	5291
5281	5292
5282	5293
5283	5294
5284	5295
5285	5296
5286	5297
5287	5298
5288	5299
5289	5300
5290	5301
5291	5302
5292	5303
5293	5304
5294	5305
5295	5306
5296	5307
5297	5308
5298	5309
5299	5310
5300	5311
5301	5312
5302	5313
5303	5314
5304	5315
5305	5316
5306	5317
5307	5318
5308	5319
5309	5320
5310	5321
5311	5322
5312	5323
5313	5324
5314	5325
5315	5326
5316	5327
5317	5328
5318	5329
5319	5330
5320	5331
5321	5332
5322	5333
5323	5334
5324	5335
5325	5336
5326	5337
5327	5338
5328	5339
5329	5340
5330	5341
5331	5342
5332	5343
5333	5344
5334	5345
5335	5346
5336	5347
5337	5348
5338	5349
5339	5350
5340	5351
5341	5352
5342	5353
5343	5354
5344	5355
5345	5356
5346	5357
5347	5358
5348	5359
5349	5360
5350	5361
5351	5362
5352	5363
5353	5364
5354	5365
5355	5366
5356	5367
5357	5368
5358	5369
5359	5370
5360	5371
5361	5372
5362	5373
5363	5374
5364	5375
5365	5376
5366	5377
5367	5378
5368	5379
5369	5380
5370	5381
5371	5382
5372	5383
5373	5384
5374	5385
5375	5386
5376	5387
5377	5388
5378	5389
5379	5390
5380	5391
5381	5392
5382	5393
5383	5394
5384	5395
5385	5396
5386	5397
5387	5398
5388	5399
5389	5400
5390	5401
5391	5402
5392	5403
5393	5404
5394	5405
5395	5406
5396	5407
5397	5408
5398	5409
5399	5410
5400	5411
5401	5412
5402	5413
5403	5414
5404	5415
5405	5416
5406	5417
5407	5418
5408	5419
5409	5420
5410	5421
5411	5422
5412	5423
5413	5424
5414	5425
5415	5426
5416	5427
5417	5428
5418	5429
5419	5430
5420	5431
5421	5432
5422	5433
5423	5434
5424	5435
5425	5436
5426	5437
5427	5438
5428	5439
5429	5440
5430	5441
5431	5442
5432	5443
5433	5444
5434	5445
5435	5446
5436	5447
5437	5448
5438	5449
5439	5450
5440	5451
5441	5452
5442	5453
5443	5454
5444	5455
5445	5456
5446	5457
5447	5458
5448	5459
5449	5460
5450	5461
5451	5462
5452	5463
5453	5464
5454	5465
5455	5466
5456	5467
5457	5468
5458	5469
5459	5470
5460	5471
5461	5472
5462	5473
5463	5474
5464	5475
5465	5476
5466	5477
5467	5478
5468	5479
5469	5480
5470	5481
5471	5482
5472	5483
5473	5484
5474	5485
5475	5486
5476	5487
5477	5488
5478	5489
5479	5490
5480	5491
5481	5492
5482	5493
5483	5494
5484	5495
5485	5496
5486	5497
5487	5498
5488	5499
5489	5500
5490	5501
5491	5502
5492	5503
5493	5504
5494	5505
5495	5506
5496	5507
5497	5508
5498	5509
5499	5510
5500	5511
5501	5512
5502	5513
5503	5514
5504	5515
5505	5516
5506	5517
5507	5518
5508	5519
5509	5520
5510	5521
5511	5522
5512	5523
5513	5524
5514	5525
5515	5526
5516	5527
5517	5528
5518	5529
5519	5530
5520	5531
5521	5532
5522	5533
5523	5534
5524	5535
5525	5536
5526	5537
5527	5538
5528	5539
5529	5540
5530	5541
5531	5542
5532	5543
5533	5544
5534	5545
5535	5546
5536	5547
5537	5548
5538	5549
5539	5550
5540	5551
5541	5552
5542	5553
5543	5554
5544	5555
5545	5556
5546	5557
5547	5558
5548	5559
5549	5560
5550	5561
5551	5562
5552	5563
5553	5564
5554	5565
5555	5566
5556	5567
5557	5568
5558	5569
5559	5570
5560	5571
5561	5572
5562	5573
5563	5574
5564	5575
5565	5576
5566	5577
5567	5578
5568	5579
5569	5580
5570	5581
5571	5582
5572	5583
5573	5584
5574	5585
5575	5586
5576	5587
5577	5588
5578	5589
5579	5590
5580	5591
5581	5592
5582	5593
5583	5594
5584	5595
5585	5596
5586	5597
5587	5598
5588	5599
5589	5600
5590	5601
5591	5602
5592	5603
5593	5604
5594	5605
5595	5606
5596	5607
5597	5608
5598	5609
5599	5610
5600	5611
5601	5612
5602	5613
5603	5614
5604	5615
5605	5616
5606	5617
5607	5618
5608	5619
5609	5620
5610	5621
5611	5622
5612	5623
5613	5624
5614	5625
5615	5626
5616	5627
5617	5628
5618	5629
5619	5630
5620	5631
5621	5632
5622	5633
5623	5634
5624	5635
5625	5636
5626	5637
5627	5638
5628	5639
5629	5640
5630	5641
5631	5642
5632	5643
5633	5644
5634	5645
5635	5646
5636	5647
5637	5648
5638	5649
5639	5650
5640	5651
5641	5652
5642	5653
5643	5654
5644	5655
5645	5656
5646	5657
5647	5658
5648	5659
5649	5660
5650	5661
5651	5662
5652	5663
5653	5664
5654	5665
5655	5666
5656	5667
5657	5668
5658	5669
5659	5670
5660	5671
5661	5672
5662	5673
5663	5674
5664	5675
5665	5676
5666	5677
5667	5678
5668	5679
5669	5680
5670	5681
5671	5682
5672	5683
5673	5684
5674	5685
5675	5686
5676	5687
5677	5688
5678	5689
5679	5690
5680	5691
5681	5692
5682	5693
5683	5694
5684	5695
5685	5696
5686	5697
5687	5698
5688	5699
5689	5700
5690	5701
5691	5702
5692	5703
5693	5704
5694	5705
5695	5706
5696	5707
5697	5708
5698	5709
5699	5710
5700	5711
5701	5712
5702	5713
5703	5714
5704	5715
5705	5716
5706	5717
5707	5718
5708	5719
5709	5720
5710	5721
5711	5722
5712	5723
5713	5724
5714	5725
5715	5726
5716	5727
5717	5728
5718	5729
5719	5730
5720	5731
5721	5732
5722	5733
5723	5734
5724	5735
5725	5736
5726	5737
5727	5738
5728	5739
5729	5740
5730	5741
5731	5742
5732	5743
5733	5744
5734	5745
5735	5746
5736	5747
5737	5748
5738	5749
5739	5750
5740	5751
5741	5752
5742	5753
5743	5754
5744	5755
5745	5756
5746	5757
5747	5758
5748	5759
5749	5760
5750	5761
5751	5762
5752	5763
5753	5764
5754	5765
5755	5766
5756	5767
5757	5768
5758	5769
5759	5770
5760	5771
5761	5772
5762	5773
5763	5774
5764	5775
5765	5776
5766	5777
5767	5778
5768	5779
5769	5780
5770	5781
5771	5782
5772	5783
5773	5784
5774	5785
5775	5786
5776	5787
5777	5788
5778	5789
5779	5790
5780	5791
5781	5792
5782	5793
5783	5794
5784	5795
5785	5796
5786	5797
5787	5798
5788	5799
5789	5800
5790	5801
5791	5802
5792	5803
5793	5804
5794	5805
5795	5806
5796	5807
5797	5808
5798	5809
5799	5810
5800	5811
5801	5812
5802	5813
5803	5814
5804	5815
5805	5816
5806	5817
5807	5818
5808	5819
5809	5820
5810	5821
5811	5822
5812	5823
5813	5824
5814	5825
5815	5826
5816	5827
5817	5828
5818	5829
5819	5830
5820	5831
5821	5832
5822	5833
5823	5834
5824	5835
5825	5836
5826	5837
5827	5838
5828	5839
5829	5840
5830	5841
5831	5842
5832	5843
5833	5844
5834	5845
5835	5846
5836	5847
5837	5848
5838	5849
5839	5850
5840	5851
5841	5852
5842	5853
5843	5854
5844	5855
5845	5856
5846	5857
5847	5858
5848	5859
5849	5860
5850	5861
5851	5862
5852	5863
5853	5864
5854	5865
5855	5866
5856	5867
5857	5868
5858	5869
5859	5870
5860	5871
5861	5872
5862	5873
5863	5874
5864	5875
5865	5876
5866	5877
5867	5878
5868	5879
5869	5880
5870	5881
5871	5882
5872	5883
5873	5884
5874	5885
5875	5886
5876	5887
5877	5888
5878	5889
5879	5890
5880	5891
5881	5892
5882	5893
5883	5894
5884	5895
5885	5896
5886	5897
5887	5898
5888	5899
5889	5900
5890	5901
5891	5902
5892	5903
5893	5904
5894	5905
5895	5906
5896	5907
5897	5908
5898	5909
5899	5910
5900	5911
5901	5912
5902	5913
5903	5914
5904	5915
5905	5916
5906	5917
5907	5918
5908	5919
5909	5920
5910	5921
5911	5922
5912	5923
5913	5924
5914	5925
5915	5926
5916	5927
5917	5928
5918	5929
5919	5930
5920	5931
5921	5932
5922	5933
5923	5934
5924	5935
5925	5936
5926	5937
5927	5938
5928	5939
5929	5940
5930	5941
5931	5942
5932	5943
5933	5944
5934	5945
5935	5946
5936	5947
5937	5948
5938	5949
5939	5950
5940	5951
5941	5952
5942	5953
5943	5954
5944	5955
5945	5956
5946	5957
5947	5958
5948	5959
5949	5960
5950	5961
5951	5962
5952	5963
5953	5964
5954	5965
5955	5966
5956	5967
5957	5968
5958	5969
5959	5970
5960	5971
5961	5972
5962	5973
5963	5974
5964	5975
5965	5976
5966	5977
5967	5978
5968	5979
5969	5980
5970	5981
5971	5982
5972	5983
5973	5984
5974	5985
5975	5986
5976	5987
5977	5988
5978	5989
5979	5990
5980	5991
5981	5992
5982	5993
5983	5994
5984	5995
5985	5996
5986	5997
5987	5998
5988	5999
5989	6000
5990	6001
5991	6002
5992	6003
5993	6004
5994	6005
5995	6006
5996	6007
5997	6008
5998	6009
5999	6010
6000	6011
6001	6012
6002	6013
6003	6014
6004	6015
6005	6016
6006	6017
6007	6018
6008	6019
6009	6020
6010	6021
6011	6022
6012	6023
6013	6024
6014	6025
6015	6026
6016	6027
6017	6028
6018	6029
6019	6030
6020	6031
6021	6032
6022	6033
6023	6034
6024	6035
6025	6036
6026	6037
6027	6038
6028	6039
6029	6040
6030	6041
6031	6042
6032	6043
6033	6044
6034	6045
6035	6046
6036	6047
6037	6048
6038	6049
6039	6050
6040	6051
6041	6052
6042	6053
6043	6054
6044	6055
6045	6056
6046	6057
6047	6058
6048	6059
6049	6060
6050	6061
6051	6062
6052	6063
6053	6064
6054	6065
6055	6066
6056	6067
6057	6068
6058	6069
6059	6070
6060	6071
6061	6072
6062	6073
6063	6074
6064	6075
6065	6076
6066	6077
6067	6078
6068	6079
6069	6080
6070	6081
6071	6082
6072	6083
6073	6084
6074	6085
6075	6086
6076	6087
6077	6088
6078	6089
6079	6090
6080	6091
6081	6092
6082	6093
6083	6094
6084	6095
6085	6096
6086	6097
6087	6098
6088	6099
6089	6100
6090	6101
6091	6102
6092	6103
6093	6104
6094	6105
6095	6106
6096	6107
6097	6108
6098	6109
6099	6110
6100	6111
6101	6112
6102	6113
6103	6114
6104	6115
6105	6116
6106	6117
6107	6118
6108	6119
6109	6120
6110	6121
6111	6122
6112	6123
6113	6124
6114	6125
6115	6126
6116	6127
6117	6128
6118	6129
6119	6130
6120	6131
6121	6132
6122	6133
6123	6134
6124	6135
6125	6136
6126	6137
6127	6138
6128	6139
6129	6140
6130	6141
6131	6142
6132	6143
6133	6144
6134	6145
6135	6146
6136	6147
6137	6148
6138	6149
6139	6150
6140	6151
6141	6152
6142	6153
6143	6154
6144	6155
6145	6156
6146	6157
6147	6158
6148	6159
6149	6160
6150	6161
6151	6162
6152	6163
6153	6164
6154	6165
6155	6166
6156	6167
6157	6168
6158	6169
6159	6170
6160	6171
6161	6172
6162	6173
6163	6174
6164	6175
6165	6176
6166	6177
6167	6178
6168	6179
6169	6180
6170	6181
6171	6182
6172	6183
6173	6184
6174	6185
6175	6186
6176	6187
6177	6188
6178	6189
6179	6190
6180	6191
6181	6192
6182	6193
6183	6194
6184	6195
6185	6196
6186	6197
6187	6198
6188	6199
6189	6200
6190	6201
6191	6202
6192	6203
6193	6204
6194	6205
6195	6206
6196	6207
6197	6208
6198	6209
6199	6210
6200	6211
6201	6212
6202	6213
6203	6214
6204	6215
6205	6216
6206	6217
6207	6218
6208	6219
6209	6220
6210	6221
6211	6222
6212	6223
6213	6224
6214	6225
6215	6226
6216	6227
6217	6228
6218	6229
6219	6230
6220	6231
6221	6232
6222	6233
6223	6234
6224	6235
6225	6236
6226	6237
6227	6238
6228	6239
6229	6240
6230	6241
6231	6242
6232	6243
6233	6244
6234	6245
6235	6246
6236	6247
6237	6248
6238	6249
6239	6250
6240	6251
6241	6252
6242	6253
6243	6254
6244	6255
6245	6256
6246	6257
6247	6258
6248	6259
6249	6260
6250	6261
6251	6262
6252	6263
6253	6264
6254	6265
6255	6266
6256	6267
6257	6268
6258	6269
6259	6270
6260	6271
6261	6272
6262	6273
6263	6274
6264	6275
6265	6276
6266	6277
6267	6278
6268	6279
6269	6280
6270	6281
6271	6282
6272	6283
6273	6284
6274	6285
6275	6286
6276	6287
6277	6288
6278	6289
6279	6290
6280	6291
6281	6292
6282	6293
6283	6294
6284	6295
6285	6296
6286	6297
6287	6298
6288	6299
6289	6300
6290	6301
6291	6302
6292	6303
6293	6304
6294	6305
6295	6306
6296	6307
6297	6308
6298	6309
6299	6310
6300	6311
6301	6312
6302	6313
6303	6314
6304	6315
6305	6316
6306	6317
6307	6318
6308	6319
6309	6320
6310	6321
6311	6322
6312	6323
6313	6324
6314	6325
6315	6326
6316	6327
6317	6328
6318	6329
6319	6330
6320	6331
6321	6332
6322	6333
6323	6334
6324	6335
6325	6336
6326	6337
6327	6338
6328	6339
6329	6340
6330	6341
6331	6342
6332	6343
6333	6344
6334	6345
6335	6346
6336	6347
6337	6348
6338	6349
6339	6350
6340	6351
6341	6352
6342	6353
6343	6354
6344	6355
6345	6356
6346	6357
6347	6358
6348	6359
6349	6360
6350	6361
6351	6362
6352	6363
6353	6364
6354	6365
6355	6366
6356	6367
6357	6368
6358	6369
6359	6370
6360	6371
6361	6372
6362	6373
6363	6374
6364	6375
6365	6376
6366	6377
6367	6378
6368	6379
6369	6380
6370	6381
6371	6382
6372	6383
6373	6384
6374	6385
6375	6386
6376	6387
6377	6388
6378	6389
6379	6390
6380	6391
6381	6392
6382	6393
6383	6394
6384	6395
6385	6396
6386	6397
6387	6398
6388	6399
6389	6400
6390	6401
6391	6402
6392	6403
6393	6404
6394	6405
6395	6406
6396	6407
6397	6408
6398	6409
6399	6410
6400	6411
6401	6412
6402	6413
6403	6414
6404	6415
6405	6416
6406	6417
6407	6418
6408	6419
6409	6420
6410	6421
6411	6422
6412	6423
6413	6424
6414	6425
6415	6426
6416	6427
6417	6428
6418	6429
6419	6430
6420	6431
6421	6432
6422	6433
6423	6434
6424	6435
6425	6436
6426	6437
6427	6438
6428	6439
6429	6440
6430	6441
6431	6442
6432	6443
6433	6444
6434	6445
6435	6446
6436	6447
6437	6448
6438	6449
6439	6450
6440	6451
6441	6452
6442	6453
6443	6454
6444	6455
6445	6456
6446	6457
6447	6458
6448	6459
6449	6460
6450	6461
6451	6462
6452	6463
6453	6464
6454	6465
6455	6466
6456	6467
6457	6468
6458	6469
6459	6470
6460	6471
6461	6472
6462	6473
6463	6474
6464	6475
6465	6476
6466	6477
6467	6478
6468	6479
6469	6480
6470	6481
6471	6482
6472	6483
6473	6484
6474	6485
6475	6486
6476	6487
6477	6488
6478	6489
6479	6490
6480	6491
6481	6492
6482	6493
6483	6494
6484	6495
6485	6496
6486	6497
6487	6498
6488	6499
6489	6500
6490	6501
6491	6502
6492	6503
6493	6504
6494	6505
6495	6506
6496	6507
6497	6508
6498	6509
6499	6510
6500	6511
6501	6512
6502	6513
6503	6514
6504	6515
6505	6516
6506	6517
6507	6518
6508	6519
6509	6520
6510	6521
6511	6522
6512	6523
6513	6524
6514	6525
6515	6526
6516	6527
6517	6528
6518	6529
6519	6530
6520	6531
6521	6532
6522	6533
6523	6534
6524	6535
6525	6536
6526	6537
6527	6538
6528	6539
6529	6540
6530	6541
6531	6542
6532	6543
6533	6544
6534	6545
6535	6546
6536	6547
6537	6548
6538	6549
6539	6550
6540	6551
6541	6552
6542	6553
6543	6554
6544	6555
6545	6556
6546	6557
6547	6558
6548	6559
6549	6560
6550	6561
6551	6562
6552	6563
6553	6564
6554	6565
6555	6566
6556	6567
6557	6568
6558	6569
6559	6570
6560	6571
6561	6572
6562	6573
6563	6574
6564	6575
6565	6576
6566	6577
6567	6578
6568	6579
6569	6580
6570	6581
6571	6582
6572	6583
6573	6584
6574	6585
6575	6586
6576	6587
6577	6588
6578	6589
6579	6590
6580	6591
6581	6592
6582	6593
6583	6594
6584	6595
6585	6596
6586	6597
6587	6598
6588	6599
6589	6600
6590	6601
6591	6602
6592	6603
6593	6604
6594	6605
6595	6606
6596	6607
6597	6608
6598	6609
6599	6610
6600	6611
6601	6612
6602	6613
6603	6614
6604	6615
6605	6616
6606	6617
6607	6618
6608	6619
6609	6620
6610	6621
6611	6622
6612	6623
6613	6624
6614	6625
6615	6626
6616	6627
6617	6628
6618	6629
6619	6630
6620	6631
6621	6632
6622	6633
6623	6634
6624	6635
6625	6636
6626	6637
6627	6638
6628	6639
6629	6640
6630	6641
6631	6642
6632	6643
6633	6644
6634	6645
6635	6646
6636	6647
6637	6648
6638	6649
6639	6650
6640	6651
6641	6652
6642	6653
6643	6654
6644	6655
6645	6656
6646	6657
6647	6658
6648	6659
6649	6660
6650	6661
6651	6662
6652	6663
6653	6664
6654	6665
6655	6666
6656	6667
6657	6668
6658	6669
6659	6670
6660	6671
6661	6672
6662	6673
6663	6674
6664	6675
6665	6676
6666	6677
6667	6678
6668	6679
6669	6680
6670	6681
6671	6682
6672	6683
6673	6684
6674	6685
6675	6686
6676	6687
6677	6688
6678	6689
6679	6690
6680	6691
6681	6692
6682	6693
6683	6694
6684	6695
6685	6696
6686	6697
6687	6698
6688	6699
6689	6700
6690	6701
6691	6702
6692	6703
6693	6704
6694	6705
6695	6706
6696	6707
6697	6708
6698	6709
6699	6710
6700	6711
6701	6712
6702	6713
6703	6714
6704	6715
6705	6716
6706	6717
6707	6718
6708	6719
6709	6720
6710	6721
6711	6722
6712	6723
6713	6724
6714	6725
6715	6726
6716	6727
6717	6728
6718	6729
6719	6730
6720	6731
6721	6732
6722	6733
6723	6734
6724	6735
6725	6736
6726	6737
6727	6738
6728	6739
6729	6740
6730	6741
6731	6742
6732	6743
6733	6744
6734	6745
6735	6746
6736	6747
6737	6748
6738	6749
6739	6750
6740	6751
6741	6752
6742	6753
6743	6754
6744	6755
6745	6756
6746	6757
6747	6758
6748	6759
6749	6760
6750	6761
6751	6762
6752	6763
6753	6764
6754	6765
6755	6766
6756	6767
6757	6768
6758	6769
6759	6770
6760	6771
6761	6772
6762	6773
6763	6774
6764	6775
6765	6776
6766	6777
6767	6778
6768	6779
6769	6780
6770	6781
6771	6782
6772	6783
6773	6784
6774	6785
6775	6786
6776	6787
6777	6788
6778	6789
6779	6790
6780	6791
6781	6792
6782	6793
6783	6794
6784	6795
6785	6796
6786	6797
6787	6798
6788	6799
6789	6800
6790	6801
6791	6802
6792	6803
6793	6804
6794	6805
6795	6806
6796	6807
6797	6808
6798	6809
6799	6810
6800	6811
6801	6812
6802	6813
6803	6814
6804	6815
6805	6816
6806	6817
6807	6818
6808	6819
6809	6820
6810	6821
6811	6822
6812	6823
6813	6824
6814	6825
6815	6826
6816	6827
6817	6828
6818	6829
6819	6830
6820	6831
6821	6832
6822	6833
6823	6834
6824	6835
6825	6836
6826	6837
6827	6838
6828	6839
6829	6840
6830	6841
6831	6842
6832	6843
6833	6844
6834	6845
6835	6846
6836	6847
6837	6848
6838	6849
6839	6850
6840	6851
6841	6852
6842	6853
6843	6854
6844	6855
6845	6856
6846	6857
6847	6858
6848	6859
6849	6860
6850	6861
6851	6862
6852	6863
6853	6864
6854	6865
6855	6866
6856	6867
6857	6868
6858	6869
6859	6870
6860	6871
6861	6872
6862	6873
6863	6874
6864	6875
6865	6876
6866	6877
6867	6878
6868	6879
6869	6880
6870	6881
6871	6882
6872	6883
6873	6884
6874	6885
6875	6886
6876	6887
6877	6888
6878	6889
6879	6890
6880	6891
6881	6892
6882	6893
6883	6894
6884	6895
6885	6896
6886	6897
6887	6898
6888	6899
6889	6900
6890	6901
6891	6902
6892	6903
6893	6904
6894	6905
6895	6906
6896	6907
6897	6908
6898	6909
6899	6910
6900	6911
6901	6912
6902	6913
6903	6914
6904	6915
6905	6916
6906	6917
6907	6918
6908	6919
6909	6920
6910	6921
6911	6922
6912	6923
6913	6924
6914	6925
6915	6926
6916	6927
6917	6928
6918	6929
6919	6930
6920	6931
6921	6932
6922	6933
6923	6934
6924	6935
6925	6936
6926	6937
6927	6938
6928	6939
6929	6940
6930	6941
6931	6942
6932	6943
6933	6944
6934	6945
6935	6946
6936	6947
6937	6948
6938	6949
6939	6950
6940	6951
6941	6952
6942	6953
6943	6954
6944	6955
6945	6956
6946	6957
6947	6958
6948	6959
6949	6960
6950	6961
6951	6962
6952	6963
6953	6964
6954	6965
6955	6966
6956	6967
6957	6968
6958	6969
6959	6970
6960	6971
6961	6972
6962	6973
6963	6974
6964	6975
6965	6976
6966	6977
6967	6978
6968	6979
6969	6980
6970	6981
6971	6982
6972	6983
6973	6984
6974	6985
6975	6986
6976	6987
6977	6988
6978	6989
6979	6990
6980	6991
6981	6992
6982	6993
6983	6994
6984	6995
6985	6996
6986	6997
6987	6998
6988	6999
6989	7000
6990	7001
6991	7002
6992	7003
6993	7004
6994	7005
6995	7006
6996	7007
6997	7008
6998	7009
6999	7010
7000	7011
7001	7012
7002	7013
7003	7014
7004	7015
7005	7016
7006	7017
7007	7018
7008	7019
7009	7020
7010	7021
7011	7022
7012	7023
7013	7024
7014	7025
7015	7026
7016	7027
7017	7028
7018	7029
7019	7030
7020	7031
7021	7032
7022	7033
7023	7034
7024	7035
7025	7036
7026	7037
7027	7038
7028	7039
7029	7040
7030	7041
7031	7042
7032	7043
7033	7044
7034	7045
7035	7046
7036	7047
7037	7048
7038	7049
7039	7050
7040	7051
7041	7052
7042	7053
7043	7054
7044	7055
7045	7056
7046	7057
7047	7058
7048	7059
7049	7060
7050	7061
7051	7062
7052	7063
7053	7064
7054	7065
7055	7066
7056	7067
7057	7068
7058	7069
7059	7070
7060	7071
7061	7072
7062	7073
7063	7074
7064	7075
7065	7076
7066	7077
7067	7078
7068	7079
7069	7080
7070	7081
7071	7082
7072	7083
7073	7084
7074	7085
7075	7086
7076	7087
7077	7088
7078	7089
7079	7090
7080	7091
7081	7092
7082	7093
7083	7094
7084	7095
7085	7096
7086	7097
7087	7098
7088	7099
7089	7100
7090	7101
7091	7102
7092	7103
7093	7104
7094	7105
7095	7106
7096	7107
7097	7108
7098	7109
7099	7110
7100	7111
7101	7112
7102	7113
7103	7114
7104	7115
7105	7116
7106	7117
7107	7118
7108	7119
7109	7120
7110	7121
7111	7122
7112	7123
7113	7124
7114	7125
7115	7126
7116	7127
7117	7128
7118	7129
7119	7130
7120	7131
7121	7132
7122	7133
7123	7134
7124	7135
7125	7136
7126	7137
7127	7138
7128	7139
7129	7140
7130	7141
7131	7142
7132	7143
7133	7144
7134	7145
7135	7146
7136	7147
7137	7148
7138	7149
7139	7150
7140	7151
7141	7152
7142	7153
7143	7154
7144	7155
7145	7156
7146	7157
7147	7158
7148	7159
7149	7160
7150	7161
7151	7162
7152	7163
7153	7164
7154	7165
7155	7166
7156	7167
7157	7168
7158	7169
7159	7170
7160	7171
7161	7172
7162	7173
7163	7174
7164	7175
7165	7176
7166	7177
7167	7178
7168	7179
7169	7180
7170	7181
7171	7182
7172	7183
7173	7184
7174	7185
7175	7186
7176	7187
7177	7188
7178	7189
7179	7190
7180	7191
7181	7192
7182	7193
7183	7194
7184	7195
7185	7196
7186	7197
7187	7198
7188	7199
7189	7200
7190	7201
7191	7202
7192	7203
7193	7204
7194	7205
7195	7206
7196	7207
7197	7208
7198	7209
7199	7210
7200	7211
7201	7212
7202	7213
7203	7214
7204	7215
7205	7216
7206	7217
7207	7218
7208	7219
7209	7220
7210	7221
7211	7222
7212	7223
7213	7224
7214	7225
7215	7226
7216	7227
7217	7228
7218	7229
7219	7230
7220	7231
7221	7232
7222	7233
7223	7234
7224	7235
7225	7236
7226	7237
7227	7238
7228	7239
7229	7240
7230	7241
7231	7242
7232	7243
7233	7244
7234	7245
7235	7246
7236	7247
7237	7248
7238	7249
7239	7250
7240	7251
7241	7252
7242	7253
7243	7254
7244	7255
7245	7256
7246	7257
7247	7258
7248	7259
7249	7260
7250	7261
7251	7262
7252	7263
7253	7264
7254	7265
7255	7266
7256	7267
7257	7268
7258	7269
7259	7270
7260	7271
7261	7272
7262	7273
7263	7274
7264	7275
7265	7276
7266	7277
7267	7278
7268	7279
7269	7280
7270	7281
7271	7282
7272	7283
7273	7284
7274	7285
7275	7286
7276	7287
7277	7288
7278	7289
7279	7290
7280	7291
7281	7292
7282	7293
7283	7294
7284	7295
7285	7296
7286	7297
7287	7298
7288	7299
7289	7300
7290	7301
7291	7302
7292	7303
7293	7304
7294	7305
7295	7306
7296	7307
7297	7308
7298	7309
7299	7310
7300	7311
7301	7312
7302	7313
7303	7314
7304	7315
7305	7316
7306	7317
7307	7318
7308	7319
7309	7320
7310	7321
7311	7322
7312	7323
7313	7324
7314	7325
7315	7326
7316	7327
7317	7328
7318	7329
7319	7330
7320	7331
7321	7332
7322	7333
7323	7334
7324	7335
7325	7336
7326	7337
7327	7338
7328	7339
7329	7340
7330	7341
7331	7342
7332	7343
7333	7344
7334	7345
7335	7346
7336	7347
7337	7348
7338	7349
7339	7350
7340	7351
7341	7352
7342	7353
7343	7354
7344	7355
7345	7356
7346	7357
7347	7358
7348	7359
7349	7360
7350	7361
7351	7362
7352	7363
7353	7364
7354	7365
7355	7366
7356	7367
7357	7368
7358	7369
7359	7370
7360	7371
7361	7372
7362	7373
7363	7374
7364	7375
7365	7376
7366	7377
7367	7378
7368	7379
7369	7380
7370	7381
7371	7382
7372	7383
7373	7384
7374	7385
7375	7386
7376	7387
7377	7388
7378	7389
7379	7390
7380	7391
7381	7392
7382	7393
7383	7394
7384	7395
7385	7396
7386	7397
7387	7398
7388	7399
7389	7400
7390	7401
7391	7402
7392	7403
7393	7404
7394	7405
7395	7406
7396	7407
7397	7408
7398	7409
7399	7410
7400	7411
7401	7412
7402	7413
7403	7414
7404	7415
7405	7416
7406	7417
7407	7418
7408	7419
7409	7420
7410	7421
7411	7422
7412	7423
7413	7424
7414	7425
7415	7426
7416	7427
7417	7428
7418	7429
7419	7430
7420	7431
7421	7432
7422	7433
7423	7434
7424	7435
7425	7436
7426	7437
7427	7438
7428	7439
7429	7440
7430	7441
7431	7442
7432	7443
7433	7444
7434	7445
7435	7446
7436	7447
7437	7448
7438	7449
7439	7450
7440	7451
7441	7452
7442	7453
7443	7454
7444	7455
7445	7456
7446	7457
7447	7458
7448	7459
7449	7460
7450	7461
7451	7462
7452	7463
7453	7464
7454	7465
7455	7466
7456	7467
7457	7468
7458	7469
7459	7470
7460	7471
7461	7472
7462	7473
7463	7474
7464	7475
7465	7476
7466	7477
7467	7478
7468	7479
7469	7480
7470	7481
7471	7482
7472	7483
7473	7484
7474	7485
7475	7486
7476	7487
7477	7488
7478	7489
7479	7490
7480	7491
7481	7492
7482	7493
7483	7494
7484	7495
7485	7496
7486	7497
7487	7498
7488	7499
7489	7500
7490	7501
7491	7502
7492	7503
7493	7504
7494	7505
7495	7506
7496	7507
7497	7508
7498	7509
7499	7510
7500	7511
7501	7512
7502	7513
7503	7514
7504	7515
7505	7516
7506	7517
7507	7518
7508	7519
7509	7520
7510	7521
7511	7522
7512	7523
7513	7524
7514	7525
7515	7526
7516	7527
7517	7528
7518	7529
7519	7530
7520	7531
7521	7532
7522	7533
7523	7534
7524	7535
7525	7536
7526	7537
7527	7538
7528	7539
7529	7540
7530	7541
7531	7542
7532	7543
7533	7544
7534	7545
7535	7546
7536	7547
7537	7548
7538	7549
7539	7550
7540	7551
7541	7552
7542	7553
7543	7554
7544	7555
7545	7556
7546	7557
7547	7558
7548	7559
7549	7560
7550	7561
7551	7562
7552	7563
7553	7564
7554	7565
7555	7566
7556	7567
7557	7568
7558	7569
7559	7570
7560	7571
7561	7572
7562	7573
7563	7574
7564	7575
7565	7576
7566	7577
7567	7578
7568	7579
7569	7580
7570	7581
7571	7582
7572	7583
7573	7584
7574	7585
7575	7586
7576	7587
7577	7588
7578	7589
7579	7590
7580	7591
7581	7592
7582	7593
7583	7594
7584	7595
7585	7596
7586	7597
7587	7598
7588	7599
7589	7600
7590	7601
7591	7602
7592	7603
7593	7604
7594	7605
7595	7606
7596	7607
7597	7608
7598	7609
7599	7610
7600	7611
7601	7612
7602	7613
7603	7614
7604	7615
7605	7616
7606	7617
7607	7618
7608	7619
7609	7620
7610	7621
7611	7622
7612	7623
7613	7624
7614	7625
7615	7626
7616	7627
7617	7628
7618	7629
7619	7630
7620	7631
7621	7632
7622	7633
7623	7634
7624	7635
7625	7636
7626	7637
7627	7638
7628	7639
7629	7640
7630	7641
7631	7642
7632	7643
7633	7644
7634	7645
7635	7646
7636	7647
7637	7648
7638	7649
7639	7650
7640	7651
7641	7652
7642	7653
7643	7654
7644	7655
7645	7656
7646	7657
7647	7658
7648	7659
7649	7660
7650	7661
7651	7662
7652	7663
7653	7664
7654	7665
7655	7666
7656	7667
7657	7668
7658	7669
7659	7670
7660	7671
7661	7672
7662	7673
7663	7674
7664	7675
7665	7676
7666	7677
7667	7678
7668	7679
7669	7680
7670	7681
7671	7682
7672	7683
7673	7684
7674	7685
7675	7686
7676	7687
7677	7688
7678	7689
7679	7690
7680	7691
7681	7692
7682	7693
7683	7694
7684	7695
7685	7696
7686	7697
7687	7698
7688	7699
7689	7700
7690	7701
7691	7702
7692	7703
7693	7704
7694	7705
7695	7706
7696	7707
7697	7708
7698	7709
7699	7710
7700	7711
7701	7712
7702	7713
7703	7714
7704	7715
7705	7716
7706	7717
7707	7718
7708	7719
7709	7720
7710	7721
7711	7722
7712	7723
7713	7724
7714	7725
7715	7726
7716	7727
7717	7728
7718	7729
7719	7730
7720	7731
7721	7732
7722	7733
7723	7734
7724	7735
7725	7736
7726	7737
7727	7738
7728	7739
7729	7740
7730	7741
7731	7742
7732	7743
7733	7744
7734	7745
7735	7746
7736	7747
7737	7748
7738	7749
7739	7750
7740	7751
7741	7752
7742	7753
7743	7754
7744	7755
7745	7756
7746	7757
7747	7758
7748	7759
7749	7760
7750	7761
7751	7762
7752	7763
7753	7764
7754	7765
7755	7766
7756	7767
7757	7768
7758	7769
7759	7770
7760	7771
7761	7772
7762	7773
7763	7774
7764	7775
7765	7776
7766	7777
7767	7778
7768	7779
7769	7780
7770	7781
7771	7782
7772	7783
7773	7784
7774	7785
7775	7786
7776	7787
7777	7788
7778	7789
7779	7790
7780	7791
7781	7792
7782	7793
7783	7794
7784	7795
7785	7796
7786	7797
7787	7798
7788	7799
7789	7800
7790	7801
7791	7802
7792	7803
7793	7804
7794	7805
7795	7806
7796	7807
7797	7808
7798	7809
7799	7810
7800	7811
7801	7812
7802	7813
7803	7814
7804	7815
7805	7816
7806	7817
7807	7818
7808	7819
7809	7820
7810	7821
7811	7822
7812	7823
7813	7824
7814	7825
7815	7826
7816	7827
7817	7828
7818	7829
7819	7830
7820	7831
7821	7832
7822	7833
7823	7834
7824	7835
7825	7836
7826	7837
7827	7838
7828	7839
7829	7840
7830	7841
7831	7842
7832	7843
7833	7844
7834	7845
7835	7846
7836	7847
7837	7848
7838	7849
7839	7850
7840	7851
7841	7852
7842	7853
7843	7854
7844	7855
7845	7856
7846	7857
7847	7858
7848	7859
7849	7860
7850	7861
7851	7862
7852	7863
7853	7864
7854	7865
7855	7866
7856	7867
7857	7868
7858	7869
7859	7870
7860	7871
7861	7872
7862	7873
7863	7874
7864	7875
7865	7876
7866	7877
7867	7878
7868	7879
7869	7880
7870	7881
7871	7882
7872	7883
7873	7884
7874	7885
7875	7886
7876	7887
7877	7888
7878	7889
7879	7890
7880	7891
7881	7892
7882	7893
7883	7894
7884	7895
7885	7896
7886	7897
7887	7898
7888	7899
7889	7900
7890	7901
7891	7902
7892	7903
7893	7904
7894	7905
7895	7906
7896	7907
7897	7908
7898	7909
7899	7910
7900	7911
7901	7912
7902	7913
7903	7914
7904	7915
7905	7916
7906	7917
7907	7918
7908	7919
7909	7920
7910	7921
7911	7922
7912	7923
7913	7924
7914	7925
7915	7926
7916	7927
7917	7928
7918	7929
7919	7930
7920	7931
7921	7932
7922	7933
7923	7934
7924	7935
7925	7936
7926	7937
7927	7938
7928	7939
7929	7940
7930	7941
7931	7942
7932	7943
7933	7944
7934	7945
7935	7946
7936	7947
7937	7948
7938	7949
7939	7950
7940	7951
7941	7952
7942	7953
7943	7954
7944	7955
7945	7956
7946	7957
7947	7958
7948	7959
7949	7960
7950	7961
7951	7962
7952	7963
7953	7964
7954	7965
7955	7966
7956	7967
7957	7968
7958	7969
7959	7970
7960	7971
7961	7972
7962	7973
7963	7974
7964	7975
7965	7976
7966	7977
7967	7978
7968	7979
7969	7980
7970	7981
7971	7982
7972	7983
7973	7984
7974	7985
7975	7986
7976	7987
7977	7988
7978	7989
7979	7990
7980	7991
7981	7992
7982	7993
7983	7994
7984	7995
7985	7996
7986	7997
7987	7998
7988	7999
7989	8000
7990	8001
7991	8002
7992	8003
7993	8004
7994	8005
7995	8006
7996	8007
7997	8008
7998	8009
7999	8010
8000	8011
8001	8012
8002	8013
8003	8014
8004	8015
8005	8016
8006	8017
8007	8018
8008	8019
8009	8020
8010	8021
8011	8022
8012	8023
8013	8024
8014	8025
8015	8026
8016	8027
8017	8028
8018	8029
8019	8030
8020	8031
8021	8032
8022	8033
8023	8034
8024	8035
8025	8036
8026	8037
8027	8038
8028	8039
8029	8040
8030	8041
8031	8042
8032	8043
8033	8044
8034	8045
8035	8046
8036	8047
8037	8048
8038	8049
8039	8050
8040	8051
8041	8052
8042	8053
8043	8054
8044	8055
8045	8056
8046	8057
8047	8058
8048	8059
8049	8060
8050	8061
8051	8062
8052	8063
8053	8064
8054	8065
8055	8066
8056	8067
8057	8068
8058	8069
8059	8070
8060	8071
8061	8072
8062	8073
8063	8074
8064	8075
8065	8076
8066	8077
8067	8078
8068	8079
8069	8080
8070	8081
8071	8082
8072	8083
8073	8084
8074	8085
8075	8086
8076	8087
8077	8088
8078	8089
8079	8090
8080	8091
8081	8092
8082	8093
8083	8094
8084	8095
8085	8096
8086	8097
8087	8098
8088	8099
8089	8100
8090	8101
8091	8102
8092	8103
8093	8104
8094	8105
8095	8106
8096	8107
8097	8108
8098	8109
8099	8110
8100	8111
8101	8112
8102	8113
8103	8114
8104	8115
8105	8116
8106	8117
8107	8118
8108	8119
8109	8120
8110	8121
8111	8122
8112	8123
8113	8124
8114	8125
8115	8126
8116	8127
8117	8128
8118	8129
8119	8130
8120	8131
8121	8132
8122	8133
8123	8134
8124	8135
8125	8136
8126	8137
8127	8138
8128	8139
8129	8140
8130	8141
8131	8142
8132	8143
8133	8144
8134	8145
8135	8146
8136	8147
8137	8148
8138	8149
8139	8150
8140	8151
8141	8152
8142	8153
8143	8154
8144	8155
8145	8156
8146	8157
8147	8158
8148	8159
8149	8160
8150	8161
8151	8162
8152	8163
8153	8164
8154	8165
8155	8166
8156	8167
8157	8168
8158	8169
8159	8170
8160	8171
8161	8172
8162	8173
8163	8174
8164	8175
8165	8176
8166	8177
8167	8178
8168	8179
8169	8180
8170	8181
8171	8182
8172	8183
8173	8184
8174	8185
8175	8186
8176	8187
8177	8188
8178	8189
8179	8190
8180	8191
8181	8192
8182	8193
8183	8194
8184	8195
8185	8196
8186	8197
8187	8198
8188	8199
8189	8200
8190	8201
8191	8202
8192	8203
8193	8204
8194	8205
8195	8206
8196	8207
8197	8208
8198	8209
8199	8210
8200	8211
8201	8212
8202	8213
8203	8214
8204	8215
8205	8216
8206	8217
8207	8218
8208	8219
8209	8220
8210	8221
8211	8222
8212	8223
8213	8224
8214	8225
8215	8226
8216	8227
8217	8228
8218	8229
8219	8230
8220	8231
8221	8232
8222	8233
8223	8234
8224	8235
8225	8236
8226	8237
8227	8238
8228	8239
8229	8240
8230	8241
8231	8242
8232	8243
8233	8244
8234	8245
8235	8246
8236	8247
8237	8248
8238	8249
8239	8250
8240	8251
8241	8252
8242	8253
8243	8254
8244	8255
8245	8256
8246	8257
8247	8258
8248	8259
8249	8260
8250	8261
8251	8262
8252	8263
8253	8264
8254	8265
8255	8266
8256	8267
8257	8268
8258	8269
8259	8270
8260	8271
8261	8272
8262	8273
8263	8274
8264	8275
8265	8276
8266	8277
8267	8278
8268	8279
8269	8280
8270	8281
8271	8282
8272	8283
8273	8284
8274	8285
8275	8286
8276	8287
8277	8288
8278	8289
8279	8290
8280	8291
8281	8292
8282	8293
8283	8294
8284	8295
8285	8296
8286	8297
8287	8298
8288	8299
8289	8300
8290	8301
8291	8302
8292	8303
8293	8304
8294	8305
8295	8306
8296	8307
8297	8308
8298	8309
8299	8310
8300	8311
8301	8312
8302	8313
8303	8314
8304	8315
8305	8316
8306	8317
8307	8318
8308	8319
8309	8320
8310	8321
8311	8322
8312	8323
8313	8324
8314	8325
8315	8326
8316	8327
8317	8328
8318	8329
8319	8330
8320	8331
8321	8332
8322	8333
8323	8334
8324	8335
8325	8336
8326	8337
8327	8338
8328	8339
8329	8340
8330	8341
8331	8342
8332	8343
8333	8344
8334	8345
8335	8346
8336	8347
8337	8348
8338	8349
8339	8350
8340	8351
8341	8352
8342	8353
8343	8354
8344	8355
8345	8356
8346	8357
8347	8358
8348	8359
8349	8360
8350	8361
8351	8362
8352	8363
8353	8364
8354	8365
8355	8366
8356	8367
8357	8368
8358	8369
8359	8370
8360	8371
8361	8372
8362	8373
8363	8374
8364	8375
8365	8376
8366	8377
8367	8378
8368	8379
8369	8380
8370	8381
8371	8382
8372	8383
8373	8384
8374	8385
8375	8386
8376	8387
8377	8388
8378	8389
8379	8390
8380	8391
8381	8392
8382	8393
8383	8394
8384	8395
8385	8396
8386	8397
8387	8398
8388	8399
8389	8400
8390	8401
8391	8402
8392	8403
8393	8404
8394	8405
8395	8406
8396	8407
8397	8408
8398	8409
8399	8410
8400	8411
8401	8412
8402	8413
8403	8414
8404	8415
8405	8416
8406	8417
8407	8418
8408	8419
8409	8420
8410	8421
8411	8422
8412	8423
8413	8424
8414	8425
8415	8426
8416	8427
8417	8428
8418	8429
8419	8430
8420	8431
8421	8432
8422	8433
8423	8434
8424	8435
8425	8436
8426	8437
8427	8438
8428	8439
8429	8440
8430	8441
8431	8442
8432	8443
8433	8444
8434	8445
8435	8446
8436	8447
8437	8448
8438	8449
8439	8450
8440	8451
8441	8452
8442	8453
8443	8454
8444	8455
8445	8456
8446	8457
8447	8458
8448	8459
8449	8460
8450	8461
8451	8462
8452	8463
8453	8464
8454	8465
8455	8466
8456	8467
8457	8468
8458	8469
8459	8470
8460	8471
8461	8472
8462	8473
8463	8474
8464	8475
8465	8476
8466	8477
8467	8478
8468	8479
8469	8480
8470	8481
8471	8482
8472	8483
8473	8484
8474	8485
8475	8486
8476	8487
8477	8488
8478	8489
8479	8490
8480	8491
8481	8492
8482	8493
8483	8494
8484	8495
8485	8496
8486	8497
8487	8498
8488	8499
8489	8500
8490	8501
8491	8502
8492	8503
8493	8504
8494	8505
8495	8506
8496	8507
8497	8508
8498	8509
8499	8510
8500	8511
8501	8512
8502	8513
8503	8514
8504	8515
8505	8516
8506	8517
8507	8518
8508	8519
8509	8520
8510	8521
8511	8522
8512	8523
8513	8524
8514	8525
8515	8526
8516	8527
8517	8528
8518	8529
8519	8530
8520	8531
8521	8532
8522	8533
8523	8534
8524	8535
8525	8536
8526	8537
8527	8538
8528	8539
8529	8540
8530	8541
8531	8542
8532	8543
8533	8544
8534	8545
8535	8546
8536	8547
8537	8548
8538	8549
8539	8550
8540	8551
8541	8552
8542	8553
8543	8554
8544	8555
8545	8556
8546	8557
8547	8558
8548	8559
8549	8560
8550	8561
8551	8562
8552	8563
8553	8564
8554	8565
8555	8566
8556	8567
8557	8568
8558	8569
8559	8570
8560	8571
8561	8572
8562	8573
8563	8574
8564	8575
8565	8576
8566	8577
8567	8578
8568	8579
8569	8580
8570	8581
8571	8582
8572	8583
8573	8584
8574	8585
8575	8586
8576	8587
8577	8588
8578	8589
8579	8590
8580	8591
8581	8592
8582	8593
8583	8594
8584	8595
8585	8596
8586	8597
8587	8598
8588	8599
8589	8600
8590	8601
8591	8602
8592	8603
8593	8604
8594	8605
8595	8606
8596	8607
8597	8608
8598	8609
8599	8610
8600	8611
8601	8612
8602	8613
8603	8614
8604	8615
8605	8616
8606	8617
8607	8618
8608	8619
8609	8620
8610	8621
8611	8622
8612	8623
8613	8624
8614	8625
8615	8626
8616	8627
8617	8628
8618	8629
8619	8630
8620	8631
8621	8632
8622	8633
8623	8634
8624	8635
8625	8636
8626	8637
8627	8638
8628	8639
8629	8640
8630	8641
8631	8642
8632	8643
8633	8644
8634	8645
8635	8646
8636	8647
8637	8648
8638	8649
8639	8650
8640	8651
8641	8652
8642	8653
8643	8654
8644	8655
8645	8656
8646	8657
8647	8658
8648	8659
8649	8660
8650	8661
8651	8662
8652	8663
8653	8664
8654	8665
8655	8666
8656	8667
8657	8668
8658	8669
8659	8670
8660	8671
8661	8672
8662	8673
8663	8674
8664	8675
8665	8676
8666	8677
8667	8678
8668	8679
8669	8680
8670	8681
8671	8682
8672	8683
8673	8684
8674	8685
8675	8686
8676	8687
8677	8688
8678	8689
8679	8690
8680	8691
8681	8692
8682	8693
8683	8694
8684	8695
8685	8696
8686	8697
8687	8698
8688	8699
8689	8700
8690	8701
8691	8702
8692	8703
8693	8704
8694	8705
8695	8706
8696	8707
8697	8708
8698	8709
8699	8710
8700	8711
8701	8712
8702	8713
8703	8714
8704	8715
8705	8716
8706	8717
8707	8718
8708	8719
8709	8720
8710	8721
8711	8722
8712	8723
8713	8724
8714	8725
8715	8726
8716	8727
8717	8728
8718	8729
8719	8730
8720	8731
8721	8732
8722	8733
8723	8734
8724	8735
8725	8736
8726	8737
8727	8738
8728	8739
8729	8740
8730	8741
8731	8742
8732	8743
8733	8744
8734	8745
8735	8746
8736	8747
8737	8748
8738	8749
8739	8750
8740	8751
8741	8752
8742	8753
8743	8754
8744	8755
8745	8756
8746	8757
8747	8758
8748	8759
8749	8760
8750	8761
8751	8762
8752	8763
8753	8764
8754	8765
8755	8766
8756	8767
8757	8768
8758	8769
8759	8770
8760	8771
8761	8772
8762	8773
8763	8774
8764	8775
8765	8776
8766	8777
8767	8778
8768	8779
8769	8780
8770	8781
8771	8782
8772	8783
8773	8784
8774	8785
8775	8786
8776	8787
8777	8788
8778	8789
8779	8790
8780	8791
8781	8792
8782	8793
8783	8794
8784	8795
8785	8796
8786	8797
8787	8798
8788	8799
8789	8800
8790	8801
8791	8802
8792	8803
8793	8804
8794	8805
8795	8806
8796	8807
8797	8808
8798	8809
8799	8810
8800	8811
8801	8812
8802	8813
8803	8814
8804	8815
8805	8816
8806	8817
8807	8818
8808	8819
8809	8820
8810	8821
8811	8822
8812	8823
8813	8824
8814	8825
8815	8826
8816	8827
8817	8828
8818	8829
8819	8830
8820	8831
8821	8832
8822	8833
8823	8834
8824	8835
8825	8836
8826	8837
8827	8838
8828	8839
8829	8840
8830	8841
8831	8842
8832	8843
8833	8844
8834	8845
8835	8846
8836	8847
8837	8848
8838	8849
8839	8850
8840	8851
8841	8852
8842	8853
8843	8854
8844	8855
8845	8856
8846	8857
8847	8858
8848	8859
8849	8860
8850	8861
8851	8862
8852	8863
8853	8864
8854	8865
8855	8866
8856	8867
8857	8868
8858	8869
8859	8870
8860	8871
8861	8872
8862	8873
8863	8874
8864	8875
8865	8876
8866	8877
8867	8878
8868	8879
8869	8880
8870	8881
8871	8882
8872	8883
8873	8884
8874	8885
8875	8886
8876	8887
8877	8888
8878	8889
8879	8890
8880	8891
8881	8892
8882	8893
8883	8894
8884	8895
8885	8896
8886	8897
8887	8898
8888	8899
8889	8900
8890	8901
8891	8902
8892	8903
8893	8904
8894	8905
8895	8906
8896	8907
8897	8908
8898	8909
8899	8910
8900	8911
8901	8912
8902	8913
8903	8914
8904	8915
8905	8916
8906	8917
8907	8918
8908	8919
8909	8920
8910	8921
8911	8922
8912	8923
8913	8924
8914	8925
8915	8926
8916	8927
8917	8928
8918	8929
8919	8930
8920	8931
8921	8932
8922	8933
8923	8934
8924	8935
8925	8936
8926	8937
8927	8938
8928	8939
8929	8940
8930	8941
8931	8942
8932	8943
8933	8944
8934	8945
8935	8946
8936	8947
8937	8948
8938	8949
8939	8950
8940	8951
8941	8952
8942	8953
8943	8954
8944	8955
8945	8956
8946	8957
8947	8958
8948	8959
8949	8960
8950	8961
8951	8962
8952	8963
8953	8964
8954	8965
8955	8966
8956	8967
8957	8968
8958	8969
8959	8970
8960	8971
8961	8972
8962	8973
8963	8974
8964	8975
8965	8976
8966	8977
8967	8978
8968	8979
8969	8980
8970	8981
8971	8982
8972	8983
8973	8984
8974	8985
8975	8986
8976	8987
8977	8988
8978	8989
8979	8990
8980	8991
8981	8992
8982	8993
8983	8994
8984	8995
8985	8996
8986	8997
8987	8998
8988	8999
8989	9000
8990	9001
8991	9002
8992	9003
8993	9004
8994	9005
8995	9006
8996	9007
8997	9008
8998	9009
8999	9010
9000	9011
9001	9012
9002	9013
9003	9014
9004	9015
9005	9016
9006	9017
9007	9018
9008	9019
9009	9020
9010	9021
9011	9022
9012	9023
9013	9024
9014	9025
9015	9026
9016	9027
9017	9028
9018	9029
9019	9030
9020	9031
9021	9032
9022	9033
9023	9034
9024	9035
9025	9036
9026	9037
9027	9038
9028	9039
9029	9040
9030	9041
9031	9042
9032	9043
9033	9044
9034	9045
9035	9046
9036	9047
9037	9048
9038	9049
9039	9050
9040	9051
9041	9052
9042	9053
9043	9054
9044	9055
9045	9056
9046	9057
9047	9058
9048	9059
9049	9060
9050	9061
9051	9062
9052	9063
9053	9064
9054	9065
9055	9066
9056	9067
9057	9068
9058	9069
9059	9070
9060	9071
9061	9072
9062	9073
9063	9074
9064	9075
9065	9076
9066	9077
9067	9078
9068	9079
9069	9080
9070	9081
9071	9082
9072	9083
9073	9084
9074	9085
9075	9086
9076	9087
9077	9088
9078	9089
9079	9090
9080	9091
9081	9092
9082	9093
9083	9094
9084	9095
9085	9096
9086	9097
9087	9098
9088	9099
9089	9100
9090	9101
9091	9102
9092	9103
9093	9104
9094	9105
9095	9106
9096	9107
9097	9108
9098	9109
9099	9110
9100	9111
9101	9112
9102	9113
9103	9114
9104	9115
9105	9116
9106	9117
9107	9118
9108	9119
9109	9120
9110	9121
9111	9122
9112	9123
9113	9124
9114	9125
9115	9126
9116	9127
9117	9128
9118	9129
9119	9130
9120	9131
9121	9132
9122	9133
9123	9134
9124	9135
9125	9136
9126	9137
9127	9138
9128	9139
9129	9140
9130	9141
9131	9142
9132	9143
9133	9144
9134	9145
9135	9146
9136	9147
9137	9148
9138	9149
9139	9150
9140	9151
9141	9152
9142	9153
9143	9154
9144	9155
9145	9156
9146	9157
9147	9158
9148	9159
9149	9160
9150	9161
9151	9162
9152	9163
9153	9164
9154	9165
9155	9166
9156	9167
9157	9168
9158	9169
9159	9170
9160	9171
9161	9172
9162	9173
9163	9174
9164	9175
9165	9176
9166	9177
9167	9178
9168	9179
9169	9180
9170	9181
9171	9182
9172	9183
9173	9184
9174	9185
9175	9186
9176	9187
9177	9188
9178	9189
9179	9190
9180	9191
9181	9192
9182	9193
9183	9194
9184	9195
9185	9196
9186	9197
9187	9198
9188	9199
9189	9200
9190	9201
9191	9202
9192	9203
9193	9204
9194	9205
9195	9206
9196	9207
9197	9208
9198	9209
9199	9210
9200	9211
9201	9212
9202	9213
9203	9214
9204	9215
9205	9216
9206	9217
9207	9218
9208	9219
9209	9220
9210	9221
9211	9222
9212	9223
9213	9224
9214	9225
9215	9226
9216	9227
9217	9228
9218	9229
9219	9230
9220	9231
9221	9232
9222	9233
9223	9234
9224	9235
9225	9236
9226	9237
9227	9238
9228	9239
9229	9240
9230	9241
9231	9242
9232	9243
9233	9244
9234	9245
9235	9246
9236	9247
9237	9248
9238	9249
9239	9250
9240	9251
9241	9252
9242	9253
9243	9254
9244	9255
9245	9256
9246	9257
9247	9258
9248	9259
9249	9260
9250	9261
9251	9262
9252	9263
9253	9264
9254	9265
9255	9266
9256	9267
9257	9268
9258	9269
9259	9270
9260	9271
9261	9272
9262	9273
9263	9274
9264	9275
9265	9276
9266	9277
9267	9278
9268	9279
9269	9280
9270	9281
9271	9282
9272	9283
9273	9284
9274	9285
9275	9286
9276	9287
9277	9288
9278	9289
9279	9290
9280	9291
9281	9292
9282	9293
9283	9294
9284	9295
9285	9296
9286	9297
9287	9298
9288	9299
9289	9300
9290	9301
9291	9302
9292	9303
9293	9304
9294	9305
9295	9306
9296	9307
9297	9308
9298	9309
9299	9310
9300	9311
9301	9312
9302	9313
9303	9314
9304	9315
9305	9316
9306	9317
9307	9318
9308	9319
9309	9320
9310	9321
9311	9322
9312	9323
9313	9324
9314	9325
9315	9326
9316	9327
9317	9328
9318	9329
9319	9330
9320	9331
9321	9332
9322	9333
9323	9334
9324	9335
9325	9336
9326	9337
9327	9338
9328	9339
9329	9340
9330	9341
9331	9342
9332	9343
9333	9344
9334	9345
9335	9346
9336	9347
9337	9348
9338	9349
9339	9350
9340	9351
9341	9352
9342	9353
9343	9354
9344	9355
9345	9356
9346	9357
9347	9358
9348	9359
9349	9360
9350	9361
9351	9362
9352	9363
9353	9364
9354	9365
9355	9366
9356	9367
9357	9368
9358	9369
9359	9370
9360	9371
9361	9372
9362	9373
9363	9374
9364	9375
9365	9376
9366	9377
9367	9378
9368	9379
9369	9380
9370	9381
9371	9382
9372	9383
9373	9384
9374	9385
9375	9386
9376	9387
9377	9388
9378	9389
9379	9390
9380	9391
9381	9392
9382	9393
9383	9394
9384	9395
9385	9396
9386	9397
9387	9398
9388	9399
9389	9400
9390	9401
9391	9402
9392	9403
9393	9404
9394	9405
9395	9406
9396	9407
9397	9408
9398	9409
9399	9410
9400	9411
9401	9412
9402	9413
9403	9414
9404	9415
9405	9416
9406	9417
9407	9418
9408	9419
9409	9420
9410	9421
9411	9422
9412	9423
9413	9424
9414	9425
9415	9426
9416	9427
9417	9428
9418	9429
9419	9430
9420	9431
9421	9432
9422	9433
9423	9434
9424	9435
9425	9436
9426	9437
9427	9438
9428	9439
9429	9440
9430	9441
9431	9442
9432	9443
9433	9444
9434	9445
9435	9446
9436	9447
9437	9448
9438	9449
9439	9450
9440	9451
9441	9452
9442	9453
9443	9454
9444	9455
9445	9456
9446	9457
9447	9458
9448	9459
9449	9460
9450	9461
9451	9462
9452	9463
9453	9464
9454	9465
9455	9466
9456	9467
9457	9468
9458	9469
9459	9470
9460	9471
9461	9472
9462	9473
9463	9474
9464	9475
9465	9476
9466	9477
9467	9478
9468	9479
9469	9480
9470	9481
9471	9482
9472	9483
9473	9484
9474	9485
9475	9486
9476	9487
9477	9488
9478	9489
9479	9490
9480	9491
9481	9492
9482	9493
9483	9494
9484	9495
9485	9496
9486	9497
9487	9498
9488	9499
9489	9500
9490	9501
9491	9502
9492	9503
9493	9504
9494	9505
9495	9506
9496	9507
9497	9508
9498	9509
9499	9510
9500	9511
9501	9512
9502	9513
9503	9514
9504	9515
9505	9516
9506	9517
9507	9518
9508	9519
9509	9520
9510	9521
9511	9522
9512	9523
9513	9524
9514	9525
9515	9526
9516	9527
9517	9528
9518	9529
9519	9530
9520	9531
9521	9532
9522	9533
9523	9534
9524	9535
9525	9536
9526	9537
9527	9538
9528	9539
9529	9540
9530	9541
9531	9542
9532	9543
9533	9544
9534	9545
9535	9546
9536	9547
9537	9548
9538	9549
9539	9550
9540	9551
9541	9552
9542	9553
9543	9554
9544	9555
9545	9556
9546	9557
9547	9558
9548	9559
9549	9560
9550	9561
9551	9562
9552	9563
9553	9564
9554	9565
9555	9566
9556	9567
9557	9568
9558	9569
9559	9570
9560	9571
9561	9572
9562	9573
9563	9574
9564	9575
9565	9576
9566	9577
9567	9578
9568	9579
9569	9580
9570	9581
9571	9582
9572	9583
9573	9584
9574	9585
9575	9586
9576	9587
9577	9588
9578	9589
9579	9590
9580	9591
9581	9592
9582	9593
9583	9594
9584	9595
9585	9596
9586	9597
9587	9598
9588	9599
9589	9600
9590	9601
9591	9602
9592	9603
9593	9604
9594	9605
9595	9606
9596	9607
9597	9608
9598	9609
9599	9610
9600	9611
9601	9612
9602	9613
9603	9614
9604	9615
9605	9616
9606	9617
9607	9618
9608	9619
9609	9620
9610	9621
9611	9622
9612	9623
9613	9624
9614	9625
9615	9626
9616	9627
9617	9628
9618	9629
9619	9630
9620	9631
9621	9632
9622	9633
9623	9634
9624	9635
9625	9636
9626	9637
9627	9638
9628	9639
9629	9640
9630	9641
9631	9642
9632	9643
9633	9644
9634	9645
9635	9646
9636	9647
9637	9648
9638	9649
9639	9650
9640	9651
9641	9652
9642	9653
9643	9654
9644	9655
9645	9656
9646	9657
9647	9658
9648	9659
9649	9660
9650	9661
9651	9662
9652	9663
9653	9664
9654	9665
9655	9666
9656	9667
9657	9668
9658	9669
9659	9670
9660	9671
9661	9672
9662	9673
9663	9674
9664	9675
9665	9676
9666	9677
9667	9678
9668	9679
9669	9680
9670	9681
9671	9682
9672	9683
9673	9684
9674	9685
9675	9686
9676	9687
9677	9688
9678	9689
9679	9690
9680	9691
9681	9692
9682	9693
9683	9694
9684	9695
9685	9696
9686	9697
9687	9698
9688	9699
9689	9700
9690	9701
9691	9702
9692	9703
9693	9704
9694	9705
9695	9706
9696	9707
9697	9708
9698	9709
9699	9710
9700	9711
9701	9712
9702	9713
9703	9714
9704	9715
9705	9716
9706	9717
9707	9718
9708	9719
9709	9720
9710	9721
9711	9722
9712	9723
9713	9724
9714	9725
9715	9726
9716	9727
9717	9728
9718	9729
9719	9730
9720	9731
9721	9732
9722	9733
9723	9734
9724	9735
9725	9736
9726	9737
9727	9738
9728	9739
9729	9740
9730	9741
9731	9742
9732	9743
9733	9744
9734	9745
9735	9746
9736	9747
9737	9748
9738	9749
9739	9750
9740	9751
9741	9752
9742	9753
9743	9754
9744	9755
9745	9756
9746	9757
9747	9758
9748	9759
9749	9760
9750	9761
9751	9762
9752	9763
9753	9764
9754	9765
9755	9766
9756	9767
9757	9768
9758	9769
9759	9770
9760	9771
9761	9772
9762	9773
9763	9774
9764	9775
9765	9776
9766	9777
9767	9778
9768	9779
9769	9780
9770	9781
9771	9782
9772	9783
9773	9784
9774	9785
9775	9786
9776	9787
9777	9788
9778	9789
9779	9790
9780	9791
9781	9792
9782	9793
9783	9794
9784	9795
9785	9796
9786	9797
9787	9798
9788	9799
9789	9800
9790	9801
9791	9802
9792	9803
9793	9804
9794	9805
9795	9806
9796	9807
9797	9808
9798	9809
9799	9810
9800	9811
9801	9812
9802	9813
9803	9814
9804	9815
9805	9816
9806	9817
9807	9818
9808	9819
9809	9820
9810	9821
9811	9822
9812	9823
9813	9824
9814	9825
9815	9826
9816	9827
9817	9828
9818	9829
9819	9830
9820	9831
9821	9832
9822	9833
9823	9834
9824	9835
9825	9836
9826	9837
9827	9838
9828	9839
9829	9840
9830	9841
9831	9842
9832	9843
9833	9844
9834	9845
9835	9846
9836	9847
9837	9848
9838	9849
9839	9850
9840	9851
9841	9852
9842	9853
9843	9854
9844	9855
9845	9856
9846	9857
9847	9858
9848	9859
9849	9860
9850	9861
9851	9862
9852	9863
9853	9864
9854	9865
9855	9866
9856	9867
9857	9868
9858	9869
9859	9870
9860	9871
9861	9872
9862	9873
9863	9874
9864	9875
9865	9876
9866	9877
9867	9878
9868	9879
9869	9880
9870	9881
9871	9882
9872	9883
9873	9884
9874	9885
9875	9886
9876	9887
9877	9888
9878	9889
9879	9890
9880	9891
9881	9892
9882	9893
9883	9894
9884	9895
9885	9896
9886	9897
9887	9898
9888	9899
9889	9900
9890	9901
9891	9902
9892	9903
9893	9904
9894	9905
9895	9906
9896	9907
9897	9908
9898	9909
9899	9910
9900	9911
9901	9912
9902	9913
9903	9914
9904	9915
9905	9916
9906	9917
9907	9918
9908	9919
9909	9920
9910	9921
9911	9922
9912	9923
9913	9924
9914	9925
9915	9926
9916	9927
9917	9928
9918	9929
9919	9930
9920	9931
9921	9932
9922	9933
9923	9934
9924	9935
9925	9936
9926	9937
9927	9938
9928	9939
9929	9940
9930	9941
9931	9942
9932	9943
9933	9944
9934	9945
9935	9946
9936	9947
9937	9948
9938	9949
9939	9950
9940	9951
9941	9952
9942	9953
9943	9954
9944	9955
9945	9956
9946	9957
9947	9958
9948	9959
9949	9960
9950	9961
9951	9962
9952	9963
9953	9964
9954	9965
9955	9966
9956	9967
9957	9968
9958	9969
9959	9970
9960	9971
9961	9972
9962	9973
9963	9974
9964	9975
9965	9976
9966	9977
9967	9978
9968	9979
9969	9980
9970	9981
9971	9982
9972	9983
9973	9984
9974	9985
9975	9986
9976	9987
9977	9988
9978	9989
9979	9990
9980	9991
9981	9992
9982	9993
9983	9994
9984	9995
9985	9996
9986	9997
9987	9998
9988	9999
9989	10000
9990	10001
9991	10002
9992	10003
9993	10004
9994	10005
9995	10006
9996	10007
9997	10008
9998	10009
9999	10010
10000	10011
10001	10012
10002	10013
10003	10014
10004	10015
10005	10016
10006	10017
10007	10018
10008	10019
10009	10020
10010	10021
10011	10022
10012	10023
10013	10024
10014	10025
10015	10026
10016	10027
10017	10028
10018	10029
10019	10030
10020	10031
10021	10032
10022	10033
10023	10034
10024	10035
10025	10036
10026	10037
10027	10038
10028	10039
10029	10040
10030	10041
10031	10042
10032	10043
10033	10044
10034	10045
10035	10046
10036	10047
10037	10048
10038	10049
10039	10050
10040	10051
10041	10052
10042	10053
10043	10054
10044	10055
10045	10056
10046	10057
10047	10058
10048	10059
10049	10060
10050	10061
10051	10062
10052	10063
10053	10064
10054	10065
10055	10066
10056	10067
10057	10068
10058	10069
10059	10070
10060	10071
10061	10072
10062	10073
10063	10074
10064	10075
10065	10076
10066	10077
10067	10078
10068	10079
10069	10080
10070	10081
10071	10082
10072	10083
10073	10084
10074	10085
10075	10086
10076	10087
10077	10088
10078	10089
10079	10090
10080	10091
10081	10092
10082	10093
10083	10094
10084	10095
10085	10096
10086	10097
10087	10098
10088	10099
10089	10100
10090	10101
10091	10102
10092	10103
10093	10104
10094	10105
10095	10106
10096	10107
10097	10108
10098	10109
10099	10110
10100	10111
10101	10112
10102	10113
10103	10114
10104	10115
10105	10116
10106	10117
10107	10118
10108	10119
10109	10120
10110	10121
10111	10122
10112	10123
10113	10124
10114	10125
10115	10126
10116	10127
10117	10128
10118	10129
10119	10130
10120	10131
10121	10132
10122	10133
10123	10134
10124	10135
10125	10136
10126	10137
10127	10138
10128	10139
10129	10140
10130	10141
10131	10142
10132	10143
10133	10144
10134	10145
10135	10146
10136	10147
10137	10148
10138	10149
10139	10150
10140	10151
10141	10152
10142	10153
10143	10154
10144	10155
10145	10156
10146	10157
10147	10158
10148	10159
10149	10160
10150	10161
10151	10162
10152	10163
10153	10164
10154	10165
10155	10166
10156	10167
10157	10168
10158	10169
10159	10170
10160	10171
10161	10172
10162	10173
10163	10174
10164	10175
10165	10176
10166	10177
10167	10178
10168	10179
10169	10180
10170	10181
10171	10182
10172	10183
10173	10184
10174	10185
10175	10186
10176	10187
10177	10188
10178	10189
10179	10190
10180	10191
10181	10192
10182	10193
10183	10194
10184	10195
10185	10196
10186	10197
10187	10198
10188	10199
10189	10200
10190	10201
10191	10202
10192	10203
10193	10204
10194	10205
10195	10206
10196	10207
10197	10208
10198	10209
10199	10210
10200	10211
10201	10212
10202	10213
10203	10214
10204	10215
10205	10216
10206	10217
10207	10218
10208	10219
10209	10220
10210	10221
10211	10222
10212	10223
10213	10224
10214	10225
10215	10226
10216	10227
10217	10228
10218	10229
10219	10230
10220	10231
10221	10232
10222	10233
10223	10234
10224	10235
10225	10236
10226	10237
10227	10238
10228	10239
10229	10240
10230	10241
10231	10242
10232	10243
10233	10244
10234	10245
10235	10246
10236	10247
10237	10248
10238	10249
10239	10250
10240	10251
10241	10252
10242	10253
10243	10254
10244	10255
10245	10256
10246	10257
10247	10258
10248	10259
10249	10260
10250	10261
10251	10262
10252	10263
10253	10264
10254	10265
10255	10266
10256	10267
10257	10268
10258	10269
10259	10270
10260	10271
10261	10272
10262	10273
10263	10274
10264	10275
10265	10276
10266	10277
10267	10278
10268	10279
10269	10280
10270	10281
10271	10282
10272	10283
10273	10284
10274	10285
10275	10286
10276	10287
10277	10288
10278	10289
10279	10290
10280	10291
10281	10292
10282	10293
10283	10294
10284	10295
10285	10296
10286	10297
10287	10298
10288	10299
10289	10300
10290	10301
10291	10302
10292	10303
10293	10304
10294	10305
10295	10306
10296	10307
10297	10308
10298	10309
10299	10310
10300	10311
10301	10312
10302	10313
10303	10314
10304	10315
10305	10316
10306	10317
10307	10318
10308	10319
10309	10320
10310	10321
10311	10322
10312	10323
10313	10324
10314	10325
10315	10326
10316	10327
10317	10328
10318	10329
10319	10330
10320	10331
10321	10332
10322	10333
10323	10334
10324	10335
10325	10336
10326	10337
10327	10338
10328	10339
10329	10340
10330	10341
10331	10342
10332	10343
10333	10344
10334	10345
10335	10346
10336	10347
10337	10348
10338	10349
10339	10350
10340	10351
10341	10352
10342	10353
10343	10354
10344	10355
10345	10356
10346	10357
10347	10358
10348	10359
10349	10360
10350	10361
10351	10362
10352	10363
10353	10364
10354	10365
10355	10366
10356	10367
10357	10368
10358	10369
10359	10370
10360	10371
10361	10372
10362	10373
10363	10374
10364	10375
10365	10376
10366	10377
10367	10378
10368	10379
10369	10380
10370	10381
10371	10382
10372	10383
10373	10384
10374	10385
10375	10386
10376	10387
10377	10388
10378	10389
10379	10390
10380	10391
10381	10392
10382	10393
10383	10394
10384	10395
10385	10396
10386	10397
10387	10398
10388	10399
10389	10400
10390	10401
10391	10402
10392	10403
10393	10404
10394	10405
10395	10406
10396	10407
10397	10408
10398	10409
10399	10410
10400	10411
10401	10412
10402	10413
10403	10414
10404	10415
10405	10416
10406	10417
10407	10418
10408	10419
10409	10420
10410	10421
10411	10422
10412	10423
10413	10424
10414	10425
10415	10426
10416	10427
10417	10428
10418	10429
10419	10430
10420	10431
10421	10432
10422	10433
10423	10434
10424	10435
10425	10436
10426	10437
10427	10438
10428	10439
10429	10440
10430	10441
10431	10442
10432	10443
10433	10444
10434	10445
10435	10446
10436	10447
10437	10448
10438	10449
10439	10450
10440	10451
10441	10452
10442	10453
10443	10454
10444	10455
10445	10456
10446	10457
10447	10458
10448	10459
10449	10460
10450	10461
10451	10462
10452	10463
10453	10464
10454	10465
10455	10466
10456	10467
10457	10468
10458	10469
10459	10470
10460	10471
10461	10472
10462	10473
10463	10474
10464	10475
10465	10476
10466	10477
10467	10478
10468	10479
10469	10480
10470	10481
10471	10482
10472	10483
10473	10484
10474	10485
10475	10486
10476	10487
10477	10488
10478	10489
10479	10490
10480	10491
10481	10492
10482	10493
10483	10494
10484	10495
10485	10496
10486	10497
10487	10498
10488	10499
10489	10500
10490	10501
10491	10502
10492	10503
10493	10504
10494	10505
10495	10506
10496	10507
10497	10508
10498	10509
10499	10510
10500	10511
10501	10512
10502	10513
10503	10514
10504	10515
10505	10516
10506	10517
10507	10518
10508	10519
10509	10520
10510	10521
10511	10522
10512	10523
10513	10524
10514	10525
10515	10526
10516	10527
10517	10528
10518	10529
10519	10530
10520	10531
10521	10532
10522	10533
10523	10534
10524	10535
10525	10536
10526	10537
10527	10538
10528	10539
10529	10540
10530	10541
10531	10542
10532	10543
10533	10544
10534	10545
10535	10546
10536	10547
10537	10548
10538	10549
10539	10550
10540	10551
10541	10552
10542	10553
10543	10554
10544	10555
10545	10556
10546	10557
10547	10558
10548	10559
10549	10560
10550	10561
10551	10562
10552	10563
10553	10564
10554	10565
10555	10566
10556	10567
10557	10568
10558	10569
10559	10570
10560	10571
10561	10572
10562	10573
10563	10574
10564	10575
10565	10576
10566	10577
10567	10578
10568	10579
10569	10580
10570	10581
10571	10582
10572	10583
10573	10584
10574	10585
10575	10586
10576	10587
10577	10588
10578	10589
10579	10590
10580	10591
10581	10592
10582	10593
10583	10594
10584	10595
10585	10596
10586	10597
10587	10598
10588	10599
10589	10600
10590	10601
10591	10602
10592	10603
10593	10604
10594	10605
10595	10606
10596	10607
10597	10608
10598	10609
10599	10610
10600	10611
10601	10612
10602	10613
10603	10614
10604	10615
10605	10616
10606	10617
10607	10618
10608	10619
10609	10620
10610	10621
10611	10622
10612	10623
10613	10624
10614	10625
10615	10626
10616	10627
10617	10628
10618	10629
10619	10630
10620	10631
10621	10632
10622	10633
10623	10634
10624	10635
10625	10636
10626	10637
10627	10638
10628	10639
10629	10640
10630	10641
10631	10642
10632	10643
10633	10644
10634	10645
10635	10646
10636	10647
10637	10648
10638	10649
10639	10650
10640	10651
10641	10652
10642	10653
10643	10654
10644	10655
10645	10656
10646	10657
10647	10658
10648	10659
10649	10660
10650	10661
10651	10662
10652	10663
10653	10664
10654	10665
10655	10666
10656	10667
10657	10668
10658	10669
10659	10670
10660	10671
10661	10672
10662	10673
10663	10674
10664	10675
10665	10676
10666	10677
10667	10678
10668	10679
10669	10680
10670	10681
10671	10682
10672	10683
10673	10684
10674	10685
10675	10686
10676	10687
10677	10688
10678	10689
10679	10690
10680	10691
10681	10692
10682	10693
10683	10694
10684	10695
10685	10696
10686	10697
10687	10698
10688	10699
10689	10700
10690	10701
10691	10702
10692	10703
10693	10704
10694	10705
10695	10706
10696	10707
10697	10708
10698	10709
10699	10710
10700	10711
10701	10712
10702	10713
10703	10714
10704	10715
10705	10716
10706	10717
10707	10718
10708	10719
10709	10720
10710	10721
10711	10722
10712	10723
10713	10724
10714	10725
10715	10726
10716	10727
10717	10728
10718	10729
10719	10730
10720	10731
10721	10732
10722	10733
10723	10734
10724	10735
10725	10736
10726	10737
10727	10738
10728	10739
10729	10740
10730	10741
10731	10742
10732	10743
10733	10744
10734	10745
10735	10746
10736	10747
10737	10748
10738	10749
10739	10750
10740	10751
10741	10752
10742	10753
10743	10754
10744	10755
10745	10756
10746	10757
10747	10758
10748	10759
10749	10760
10750	10761
10751	10762
10752	10763
10753	10764
10754	10765
10755	10766
10756	10767
10757	10768
10758	10769
10759	10770
10760	10771
10761	10772
10762	10773
10763	10774
10764	10775
10765	10776
10766	10777
10767	10778
10768	10779
10769	10780
10770	10781
10771	10782
10772	10783
10773	10784
10774	10785
10775	10786
10776	10787
10777	10788
10778	10789
10779	10790
10780	10791
10781	10792
10782	10793
10783	10794
10784	10795
10785	10796
10786	10797
10787	10798
10788	10799
10789	10800
10790	10801
10791	10802
10792	10803
10793	10804
10794	10805
10795	10806
10796	10807
10797	10808
10798	10809
10799	10810
10800	10811
10801	10812
10802	10813
10803	10814
10804	10815
10805	10816
10806	10817
10807	10818
10808	10819
10809	10820
10810	10821
10811	10822
10812	10823
10813	10824
10814	10825
10815	10826
10816	10827
10817	10828
10818	10829
10819	10830
10820	10831
10821	10832
10822	10833
10823	10834
10824	10835
10825	10836
10826	10837
10827	10838
10828	10839
10829	10840
10830	10841
10831	10842
10832	10843
10833	10844
10834	10845
10835	10846
10836	10847
10837	10848
10838	10849
10839	10850
10840	10851
10841	10852
10842	10853
10843	10854
10844	10855
10845	10856
10846	10857
10847	10858
10848	10859
10849	10860
10850	10861
10851	10862
10852	10863
10853	10864
10854	10865
10855	10866
10856	10867
10857	10868
10858	10869
10859	10870
10860	10871
10861	10872
10862	10873
10863	10874
10864	10875
10865	10876
10866	10877
10867	10878
10868	10879
10869	10880
10870	10881
10871	10882
10872	10883
10873	10884
10874	10885
10875	10886
10876	10887
10877	10888
10878	10889
10879	10890
10880	10891
10881	10892
10882	10893
10883	10894
10884	10895
10885	10896
10886	10897
10887	10898
10888	10899
10889	10900
10890	10901
10891	10902
10892	10903
10893	10904
10894	10905
10895	10906
10896	10907
10897	10908
10898	10909
10899	10910
10900	10911
10901	10912
10902	10913
10903	10914
10904	10915
10905	10916
10906	10917
10907	10918
10908	10919
10909	10920
10910	10921
10911	10922
10912	10923
10913	10924
10914	10925
10915	10926
10916	10927
10917	10928
10918	10929
10919	10930
10920	10931
10921	10932
10922	10933
10923	10934
10924	10935
10925	10936
10926	10937
10927	10938
10928	10939
10929	10940
10930	10941
10931	10942
10932	10943
10933	10944
10934	10945
10935	10946
10936	10947
10937	10948
10938	10949
10939	10950
10940	10951
10941	10952
10942	10953
10943	10954
10944	10955
10945	10956
10946	10957
10947	10958
10948	10959
10949	10960
10950	10961
10951	10962
10952	10963
10953	10964
10954	10965
10955	10966
10956	10967
10957	10968
10958	10969
10959	10970
10960	10971
10961	10972
10962	10973
10963	10974
10964	10975
10965	10976
10966	10977
10967	10978
10968	10979
10969	10980
10970	10981
10971	10982
10972	10983
10973	10984
10974	10985
10975	10986
10976	10987
10977	10988
10978	10989
10979	10990
10980	10991
10981	10992
10982	10993
10983	10994
10984	10995
10985	10996
10986	10997
10987	10998
10988	10999
10989	11000
10990	11001
10991	11002
10992	11003
10993	11004
10994	11005
10995	11006
10996	11007
10997	11008
10998	11009
10999	11010
11000	11011
11001	11012
11002	11013
11003	11014
11004	11015
11005	11016
11006	11017
11007	11018
11008	11019
11009	11020
11010	11021
11011	11022
11012	11023
11013	11024
11014	11025
11015	11026
11016	11027
11017	11028
11018	11029
11019	11030
11020	11031
11021	11032
11022	11033
11023	11034
11024	11035
11025	11036
11026	11037
11027	11038
11028	11039
11029	11040
11030	11041
11031	11042
11032	11043
11033	11044
11034	11045
11035	11046
11036	11047
11037	11048
11038	11049
11039	11050
11040	11051
11041	11052
11042	11053
11043	11054
11044	11055
11045	11056
11046	11057
11047	11058
11048	11059
11049	11060
11050	11061
11051	11062
11052	11063
11053	11064
11054	11065
11055	11066
11056	11067
11057	11068
11058	11069
11059	11070
11060	11071
11061	11072
11062	11073
11063	11074
11064	11075
11065	11076
11066	11077
11067	11078
11068	11079
11069	11080
11070	11081
11071	11082
11072	11083
11073	11084
11074	11085
11075	11086
11076	11087
11077	11088
11078	11089
11079	11090
11080	11091
11081	11092
11082	11093
11083	11094
11084	11095
11085	11096
11086	11097
11087	11098
11088	11099
11089	11100
11090	11101
11091	11102
11092	11103
11093	11104
11094	11105
11095	11106
11096	11107
11097	11108
11098	11109
11099	11110
11100	11111
11101	11112
11102	11113
11103	11114
11104	11115
11105	11116
11106	11117
11107	11118
11108	11119
11109	11120
11110	11121
11111	11122
11112	11123
11113	11124
11114	11125
11115	11126
11116	11127
11117	11128
11118	11129
11119	11130
11120	11131
11121	11132
11122	11133
11123	11134
11124	11135
11125	11136
11126	11137
11127	11138
11128	11139
11129	11140
11130	11141
11131	11142
11132	11143
11133	11144
11134	11145
11135	11146
11136	11147
11137	11148
11138	11149
11139	11150
11140	11151
11141	11152
11142	11153
11143	11154
11144	11155
11145	11156
11146	11157
11147	11158
11148	11159
11149	11160
11150	11161
11151	11162
11152	11163
11153	11164
11154	11165
11155	11166
11156	11167
11157	11168
11158	11169
11159	11170
11160	11171
11161	11172
11162	11173
11163	11174
11164	11175
11165	11176
11166	11177
11167	11178
11168	11179
11169	11180
11170	11181
11171	11182
11172	11183
11173	11184
11174	11185
11175	11186
11176	11187
11177	11188
11178	11189
11179	11190
11180	11191
11181	11192
11182	11193
11183	11194
11184	11195
11185	11196
11186	11197
11187	11198
11188	11199
11189	11200
11190	11201
11191	11202
11192	11203
11193	11204
11194	11205
11195	11206
11196	11207
11197	11208
11198	11209
11199	11210
11200	11211
11201	11212
11202	11213
11203	11214
11204	11215
11205	11216
11206	11217
11207	11218
11208	11219
11209	11220
11210	11221
11211	11222
11212	11223
11213	11224
11214	11225
11215	11226
11216	11227
11217	11228
11218	11229
11219	11230
11220	11231
11221	11232
11222	11233
11223	11234
11224	11235
11225	11236
11226	11237
11227	11238
11228	11239
11229	11240
11230	11241
11231	11242
11232	11243
11233	11244
11234	11245
11235	11246
11236	11247
11237	11248
11238	11249
11239	11250
11240	11251
11241	11252
11242	11253
11243	11254
11244	11255
11245	11256
11246	11257
11247	11258
11248	11259
11249	11260
11250	11261
11251	11262
11252	11263
11253	11264
11254	11265
11255	11266
11256	11267
11257	11268
11258	11269
11259	11270
11260	11271
11261	11272
11262	11273
11263	11274
11264	11275
11265	11276
11266	11277
11267	11278
11268	11279
11269	11280
11270	11281
11271	11282
11272	11283
11273	11284
11274	11285
11275	11286
11276	11287
11277	11288
11278	11289
11279	11290
11280	11291
11281	11292
11282	11293
11283	11294
11284	11295
11285	11296
11286	11297
11287	11298
11288	11299
11289	11300
11290	11301
11291	11302
11292	11303
11293	11304
11294	11305
11295	11306
11296	11307
11297	11308
11298	11309
11299	11310
11300	11311
11301	11312
11302	11313
11303	11314
11304	11315
11305	11316
11306	11317
11307	11318
11308	11319
11309	11320
11310	11321
11311	11322
11312	11323
11313	11324
11314	11325
11315	11326
11316	11327
11317	11328
11318	11329
11319	11330
11320	11331
11321	11332
11322	11333
11323	11334
11324	11335
11325	11336
11326	11337
11327	11338
11328	11339
11329	11340
11330	11341
11331	11342
11332	11343
11333	11344
11334	11345
11335	11346
11336	11347
11337	11348
11338	11349
11339	11350
11340	11351
11341	11352
11342	11353
11343	11354
11344	11355
11345	11356
11346	11357
11347	11358
11348	11359
11349	11360
11350	11361
11351	11362
11352	11363
11353	11364
11354	11365
11355	11366
11356	11367
11357	11368
11358	11369
11359	11370
11360	11371
11361	11372
11362	11373
11363	11374
11364	11375
11365	11376
11366	11377
11367	11378
11368	11379
11369	11380
11370	11381
11371	11382
11372	11383
11373	11384
11374	11385
11375	11386
11376	11387
11377	11388
11378	11389
11379	11390
11380	11391
11381	11392
11382	11393
11383	11394
11384	11395
11385	11396
11386	11397
11387	11398
11388	11399
11389	11400
11390	11401
11391	11402
11392	11403
11393	11404
11394	11405
11395	11406
11396	11407
11397	11408
11398	11409
11399	11410
11400	11411
11401	11412
11402	11413
11403	11414
11404	11415
11405	11416
11406	11417
11407	11418
11408	11419
11409	11420
11410	11421
11411	11422
11412	11423
11413	11424
11414	11425
11415	11426
11416	11427
11417	11428
11418	11429
11419	11430
11420	11431
11421	11432
11422	11433
11423	11434
11424	11435
11425	11436
11426	11437
11427	11438
11428	11439
11429	11440
11430	11441
11431	11442
11432	11443
11433	11444
11434	11445
11435	11446
11436	11447
11437	11448
11438	11449
11439	11450
11440	11451
11441	11452
11442	11453
11443	11454
11444	11455
11445	11456
11446	11457
11447	11458
11448	11459
11449	11460
11450	11461
11451	11462
11452	11463
11453	11464
11454	11465
11455	11466
11456	11467
11457	11468
11458	11469
11459	11470
11460	11471
11461	11472
11462	11473
11463	11474
11464	11475
11465	11476
11466	11477
11467	11478
11468	11479
11469	11480
11470	11481
11471	11482
11472	11483
11473	11484
11474	11485
11475	11486
11476	11487
11477	11488
11478	11489
11479	11490
11480	11491
11481	11492
11482	11493
11483	11494
11484	11495
11485	11496
11486	11497
11487	11498
11488	11499
11489	11500
11490	11501
11491	11502
11492	11503
11493	11504
11494	11505
11495	11506
11496	11507
11497	11508
11498	11509
11499	11510
11500	11511
11501	11512
11502	11513
11503	11514
11504	11515
11505	11516
11506	11517
11507	11518
11508	11519
11509	11520
11510	11521
11511	11522
11512	11523
11513	11524
11514	11525
11515	11526
11516	11527
11517	11528
11518	11529
11519	11530
11520	11531
11521	11532
11522	11533
11523	11534
11524	11535
11525	11536
11526	11537
11527	11538
11528	11539
11529	11540
11530	11541
11531	11542
11532	11543
11533	11544
11534	11545
11535	11546
11536	11547
11537	11548
11538	11549
11539	11550
11540	11551
11541	11552
11542	11553
11543	11554
11544	11555
11545	11556
11546	11557
11547	11558
11548	11559
11549	11560
11550	11561
11551	11562
11552	11563
11553	11564
11554	11565
11555	11566
11556	11567
11557	11568
11558	11569
11559	11570
11560	11571
11561	11572
11562	11573
11563	11574
11564	11575
11565	11576
11566	11577
11567	11578
11568	11579
11569	11580
11570	11581
11571	11582
11572	11583
11573	11584
11574	11585
11575	11586
11576	11587
11577	11588
11578	11589
11579	11590
11580	11591
11581	11592
11582	11593
11583	11594
11584	11595
11585	11596
11586	11597
11587	11598
11588	11599
11589	11600
11590	11601
11591	11602
11592	11603
11593	11604
11594	11605
11595	11606
11596	11607
11597	11608
11598	11609
11599	11610
11600	11611
11601	11612
11602	11613
11603	11614
11604	11615
11605	11616
11606	11617
11607	11618
11608	11619
11609	11620
11610	11621
11611	11622
11612	11623
11613	11624
11614	11625
11615	11626
11616	11627
11617	11628
11618	11629
11619	11630
11620	11631
11621	11632
11622	11633
11623	11634
11624	11635
11625	11636
11626	11637
11627	11638
11628	11639
11629	11640
11630	11641
11631	11642
11632	11643
11633	11644
11634	11645
11635	11646
11636	11647
11637	11648
11638	11649
11639	11650
11640	11651
11641	11652
11642	11653
11643	11654
11644	11655
11645	11656
11646	11657
11647	11658
11648	11659
11649	11660
11650	11661
11651	11662
11652	11663
11653	11664
11654	11665
11655	11666
11656	11667
11657	11668
11658	11669
11659	11670
11660	11671
11661	11672
11662	11673
11663	11674
11664	11675
11665	11676
11666	11677
11667	11678
11668	11679
11669	11680
11670	11681
11671	11682
11672	11683
11673	11684
11674	11685
11675	11686
11676	11687
11677	11688
11678	11689
11679	11690
11680	11691
11681	11692
11682	11693
11683	11694
11684	11695
11685	11696
11686	11697
11687	11698
11688	11699
11689	11700
11690	11701
11691	11702
11692	11703
11693	11704
11694	11705
11695	11706
11696	11707
11697	11708
11698	11709
11699	11710
11700	11711
11701	11712
11702	11713
11703	11714
11704	11715
11705	11716
11706	11717
11707	11718
11708	11719
11709	11720
11710	11721
11711	11722
11712	11723
11713	11724
11714	11725
11715	11726
11716	11727
11717	11728
11718	11729
11719	11730
11720	11731
11721	11732
11722	11733
11723	11734
11724	11735
11725	11736
11726	11737
11727	11738
11728	11739
11729	11740
11730	11741
11731	11742
11732	11743
11733	11744
11734	11745
11735	11746
11736	11747
11737	11748
11738	11749
11739	11750
11740	11751
11741	11752
11742	11753
11743	11754
11744	11755
11745	11756
11746	11757
11747	11758
11748	11759
11749	11760
11750	11761
11751	11762
11752	11763
11753	11764
11754	11765
11755	11766
11756	11767
11757	11768
11758	11769
11759	11770
11760	11771
11761	11772
11762	11773
11763	11774
11764	11775
11765	11776
11766	11777
11767	11778
11768	11779
11769	11780
11770	11781
11771	11782
11772	11783
11773	11784
11774	11785
11775	11786
11776	11787
11777	11788
11778	11789
11779	11790
11780	11791
11781	11792
11782	11793
11783	11794
11784	11795
11785	11796
11786	11797
11787	11798
11788	11799
11789	11800
11790	11801
11791	11802
11792	11803
11793	11804
11794	11805
11795	11806
11796	11807
11797	11808
11798	11809
11799	11810
11800	11811
11801	11812
11802	11813
11803	11814
11804	11815
11805	11816
11806	11817
11807	11818
11808	11819
11809	11820
11810	11821
11811	11822
11812	11823
11813	11824
11814	11825
11815	11826
11816	11827
11817	11828
11818	11829
11819	11830
11820	11831
11821	11832
11822	11833
11823	11834
11824	11835
11825	11836
11826	11837
11827	11838
11828	11839
11829	11840
11830	11841
11831	11842
11832	11843
11833	11844
11834	11845
11835	11846
11836	11847
11837	11848
11838	11849
11839	11850
11840	11851
11841	11852
11842	11853
11843	11854
11844	11855
11845	11856
11846	11857
11847	11858
11848	11859
11849	11860
11850	11861
11851	11862
11852	11863
11853	11864
11854	11865
11855	11866
11856	11867
11857	11868
11858	11869
11859	11870
11860	11871
11861	11872
11862	11873
11863	11874
11864	11875
11865	11876
11866	11877
11867	11878
11868	11879
11869	11880
11870	11881
11871	11882
11872	11883
11873	11884
11874	11885
11875	11886
11876	11887
11877	11888
11878	11889
11879	11890
11880	11891
11881	11892
11882	11893
11883	11894
11884	11895
11885	11896
11886	11897
11887	11898
11888	11899
11889	11900
11890	11901
11891	11902
11892	11903
11893	11904
11894	11905
11895	11906
11896	11907
11897	11908
11898	11909
11899	11910
11900	11911
11901	11912
11902	11913
11903	11914
11904	11915
11905	11916
11906	11917
11907	11918
11908	11919
11909	11920
11910	11921
11911	11922
11912	11923
11913	11924
11914	11925
11915	11926
11916	11927
11917	11928
11918	11929
11919	11930
11920	11931
11921	11932
11922	11933
11923	11934
11924	11935
11925	11936
11926	11937
11927	11938
11928	11939
11929	11940
11930	11941
11931	11942
11932	11943
11933	11944
11934	11945
11935	11946
11936	11947
11937	11948
11938	11949
11939	11950
11940	11951
11941	11952
11942	11953
11943	11954
11944	11955
11945	11956
11946	11957
11947	11958
11948	11959
11949	11960
11950	11961
11951	11962
11952	11963
11953	11964
11954	11965
11955	11966
11956	11967
11957	11968
11958	11969
11959	11970
11960	11971
11961	11972
11962	11973
11963	11974
11964	11975
11965	11976
11966	11977
11967	11978
11968	11979
11969	11980
11970	11981
11971	11982
11972	11983
11973	11984
11974	11985
11975	11986
11976	11987
11977	11988
11978	11989
11979	11990
11980	11991
11981	11992
11982	11993
11983	11994
11984	11995
11985	11996
11986	11997
11987	11998
11988	11999
11989	12000
11990	12001
11991	12002
11992	12003
11993	12004
11994	12005
11995	12006
11996	12007
11997	12008
11998	12009
11999	12010
12000	12011
12001	12012
12002	12013
12003	12014
12004	12015
12005	12016
12006	12017
12007	12018
12008	12019
12009	12020
12010	12021
12011	12022
12012	12023
12013	12024
12014	12025
12015	12026
12016	12027
12017	12028
12018	12029
12019	12030
12020	12031
12021	12032
12022	12033
12023	12034
12024	12035
12025	12036
12026	12037
12027	12038
12028	12039
12029	12040
12030	12041
12031	12042
12032	12043
12033	12044
12034	12045
12035	12046
12036	12047
12037	12048
12038	12049
12039	12050
12040	12051
12041	12052
12042	12053
12043	12054
12044	12055
12045	12056
12046	12057
12047	12058
12048	12059
12049	12060
12050	12061
12051	12062
12052	12063
12053	12064
12054	12065
12055	12066
12056	12067
12057	12068
12058	12069
12059	12070
12060	12071
12061	12072
12062	12073
12063	12074
12064	12075
12065	12076
12066	12077
12067	12078
12068	12079
12069	12080
12070	12081
12071	12082
12072	12083
12073	12084
12074	12085
12075	12086
12076	12087
12077	12088
12078	12089
12079	12090
12080	12091
12081	12092
12082	12093
12083	12094
12084	12095
12085	12096
12086	12097
12087	12098
12088	12099
12089	12100
12090	12101
12091	12102
12092	12103
12093	12104
12094	12105
12095	12106
12096	12107
12097	12108
12098	12109
12099	12110
12100	12111
12101	12112
12102	12113
12103	12114
12104	12115
12105	12116
12106	12117
12107	12118
12108	12119
12109	12120
12110	12121
12111	12122
12112	12123
12113	12124
12114	12125
12115	12126
12116	12127
12117	12128
12118	12129
12119	12130
12120	12131
12121	12132
12122	12133
12123	12134
12124	12135
12125	12136
12126	12137
12127	12138
12128	12139
12129	12140
12130	12141
12131	12142
12132	12143
12133	12144
12134	12145
12135	12146
12136	12147
12137	12148
12138	12149
12139	12150
12140	12151
12141	12152
12142	12153
12143	12154
12144	12155
12145	12156
12146	12157
12147	12158
12148	12159
12149	12160
12150	12161
12151	12162
12152	12163
12153	12164
12154	12165
12155	12166
12156	12167
12157	12168
12158	12169
12159	12170
12160	12171
12161	12172
12162	12173
12163	12174
12164	12175
12165	12176
12166	12177
12167	12178
12168	12179
12169	12180
12170	12181
12171	12182
12172	12183
12173	12184
12174	12185
12175	12186
12176	12187
12177	12188
12178	12189
12179	12190
12180	12191
12181	12192
12182	12193
12183	12194
12184	12195
12185	12196
12186	12197
12187	12198
12188	12199
12189	12200
12190	12201
12191	12202
12192	12203
12193	12204
12194	12205
12195	12206
12196	12207
12197	12208
12198	12209
12199	12210
12200	12211
12201	12212
12202	12213
12203	12214
12204	12215
12205	12216
12206	12217
12207	12218
12208	12219
12209	12220
12210	12221
12211	12222
12212	12223
12213	12224
12214	12225
12215	12226
12216	12227
12217	12228
12218	12229
12219	12230
12220	12231
12221	12232
12222	12233
12223	12234
12224	12235
12225	12236
12226	12237
12227	12238
12228	12239
12229	12240
12230	12241
12231	12242
12232	12243
12233	12244
12234	12245
12235	12246
12236	12247
12237	12248
12238	12249
12239	12250
12240	12251
12241	12252
12242	12253
12243	12254
12244	12255
12245	12256
12246	12257
12247	12258
12248	12259
12249	12260
12250	12261
12251	12262
12252	12263
12253	12264
12254	12265
12255	12266
12256	12267
12257	12268
12258	12269
12259	12270
12260	12271
12261	12272
12262	12273
12263	12274
12264	12275
12265	12276
12266	12277
12267	12278
12268	12279
12269	12280
12270	12281
12271	12282
12272	12283
12273	12284
12274	12285
12275	12286
12276	12287
12277	12288
12278	12289
12279	12290
12280	12291
12281	12292
12282	12293
12283	12294
12284	12295
12285	12296
12286	12297
12287	12298
12288	12299
12289	12300
12290	12301
12291	12302
12292	12303
12293	12304
12294	12305
12295	12306
12296	12307
12297	12308
12298	12309
12299	12310
12300	12311
12301	12312
12302	12313
12303	12314
12304	12315
12305	12316
12306	12317
12307	12318
12308	12319
12309	12320
12310	12321
12311	12322
12312	12323
12313	12324
12314	12325
12315	12326
12316	12327
12317	12328
12318	12329
12319	12330
12320	12331
12321	12332
12322	12333
12323	12334
12324	12335
12325	12336
12326	12337
12327	12338
12328	12339
12329	12340
12330	12341
12331	12342
12332	12343
12333	12344
12334	12345
12335	12346
12336	12347
12337	12348
12338	12349
12339	12350
12340	12351
12341	12352
12342	12353
12343	12354
12344	12355
12345	12356
12346	12357
12347	12358
12348	12359
12349	12360
12350	12361
12351	12362
12352	12363
12353	12364
12354	12365
12355	12366
12356	12367
12357	12368
12358	12369
12359	12370
12360	12371
12361	12372
12362	12373
12363	12374
12364	12375
12365	12376
12366	12377
12367	12378
12368	12379
12369	12380
12370	12381
12371	12382
12372	12383
12373	12384
12374	12385
12375	12386
12376	12387
12377	12388
12378	12389
12379	12390
12380	12391
12381	12392
12382	12393
12383	12394
12384	12395
12385	12396
12386	12397
12387	12398
12388	12399
12389	12400
12390	12401
12391	12402
12392	12403
12393	12404
12394	12405
12395	12406
12396	12407
12397	12408
12398	12409
12399	12410
12400	12411
12401	12412
12402	12413
12403	12414
12404	12415
12405	12416
12406	12417
12407	12418
12408	12419
12409	12420
12410	12421
12411	12422
12412	12423
12413	12424
12414	12425
12415	12426
12416	12427
12417	12428
12418	12429
12419	12430
12420	12431
12421	12432
12422	12433
12423	12434
12424	12435
12425	12436
12426	12437
12427	12438
12428	12439
12429	12440
12430	12441
12431	12442
12432	12443
12433	12444
12434	12445
12435	12446
12436	12447
12437	12448
12438	12449
12439	12450
12440	12451
12441	12452
12442	12453
12443	12454
12444	12455
12445	12456
12446	12457
12447	12458
12448	12459
12449	12460
12450	12461
12451	12462
12452	12463
12453	12464
12454	12465
12455	12466
12456	12467
12457	12468
12458	12469
12459	12470
12460	12471
12461	12472
12462	12473
12463	12474
12464	12475
12465	12476
12466	12477
12467	12478
12468	12479
12469	12480
12470	12481
12471	12482
12472	12483
12473	12484
12474	12485
12475	12486
12476	12487
12477	12488
12478	12489
12479	12490
12480	12491
12481	12492
12482	12493
12483	12494
12484	12495
12485	12496
12486	12497
12487	12498
12488	12499
12489	12500
12490	12501
12491	12502
12492	12503
12493	12504
12494	12505
12495	12506
12496	12507
12497	12508
12498	12509
12499	12510
12500	12511
12501	12512
12502	12513
12503	12514
12504	12515
12505	12516
12506	12517
12507	12518
12508	12519
12509	12520
12510	12521
12511	12522
12512	12523
12513	12524
12514	12525
12515	12526
12516	12527
12517	12528
12518	12529
12519	12530
12520	12531
12521	12532
12522	12533
12523	12534
12524	12535
12525	12536
12526	12537
12527	12538
12528	12539
12529	12540
12530	12541
12531	12542
12532	12543
12533	12544
12534	12545
12535	12546
12536	12547
12537	12548
12538	12549
12539	12550
12540	12551
12541	12552
12542	12553
12543	12554
12544	12555
12545	12556
12546	12557
12547	12558
12548	12559
12549	12560
12550	12561
12551	12562
12552	12563
12553	12564
12554	12565
12555	12566
12556	12567
12557	12568
12558	12569
12559	12570
12560	12571
12561	12572
12562	12573
12563	12574
12564	12575
12565	12576
12566	12577
12567	12578
12568	12579
12569	12580
12570	12581
12571	12582
12572	12583
12573	12584
12574	12585
12575	12586
12576	12587
12577	12588
12578	12589
12579	12590
12580	12591
12581	12592
12582	12593
12583	12594
12584	12595
12585	12596
12586	12597
12587	12598
12588	12599
12589	12600
12590	12601
12591	12602
12592	12603
12593	12604
12594	12605
12595	12606
12596	12607
12597	12608
12598	12609
12599	12610
12600	12611
12601	12612
12602	12613
12603	12614
12604	12615
12605	12616
12606	12617
12607	12618
12608	12619
12609	12620
12610	12621
12611	12622
12612	12623
12613	12624
12614	12625
12615	12626
12616	12627
12617	12628
12618	12629
12619	12630
12620	12631
12621	12632
12622	12633
12623	12634
12624	12635
12625	12636
12626	12637
12627	12638
12628	12639
12629	12640
12630	12641
12631	12642
12632	12643
12633	12644
12634	12645
12635	12646
12636	12647
12637	12648
12638	12649
12639	12650
12640	12651
12641	12652
12642	12653
12643	12654
12644	12655
12645	12656
12646	12657
12647	12658
12648	12659
12649	12660
12650	12661
12651	12662
12652	12663
12653	12664
12654	12665
12655	12666
12656	12667
12657	12668
12658	12669
12659	12670
12660	12671
12661	12672
12662	12673
12663	12674
12664	12675
12665	12676
12666	12677
12667	12678
12668	12679
12669	12680
12670	12681
12671	12682
12672	12683
12673	12684
12674	12685
12675	12686
12676	12687
12677	12688
12678	12689
12679	12690
12680	12691
12681	12692
12682	12693
12683	12694
12684	12695
12685	12696
12686	12697
12687	12698
12688	12699
12689	12700
12690	12701
12691	12702
12692	12703
12693	12704
12694	12705
12695	12706
12696	12707
12697	12708
12698	12709
12699	12710
12700	12711
12701	12712
12702	12713
12703	12714
12704	12715
12705	12716
12706	12717
12707	12718
12708	12719
12709	12720
12710	12721
12711	12722
12712	12723
12713	12724
12714	12725
12715	12726
12716	12727
12717	12728
12718	12729
12719	12730
12720	12731
12721	12732
12722	12733
12723	12734
12724	12735
12725	12736
12726	12737
12727	12738
12728	12739
12729	12740
12730	12741
12731	12742
12732	12743
12733	12744
12734	12745
12735	12746
12736	12747
12737	12748
12738	12749
12739	12750
12740	12751
12741	12752
12742	12753
12743	12754
12744	12755
12745	12756
12746	12757
12747	12758
12748	12759
12749	12760
12750	12761
12751	12762
12752	12763
12753	12764
12754	12765
12755	12766
12756	12767
12757	12768
12758	12769
12759	12770
12760	12771
12761	12772
12762	12773
12763	12774
12764	12775
12765	12776
12766	12777
12767	12778
12768	12779
12769	12780
12770	12781
12771	12782
12772	12783
12773	12784
12774	12785
12775	12786
12776	12787
12777	12788
12778	12789
12779	12790
12780	12791
12781	12792
12782	12793
12783	12794
12784	12795
12785	12796
12786	12797
12787	12798
12788	12799
12789	12800
12790	12801
12791	12802
12792	12803
12793	12804
12794	12805
12795	12806
12796	12807
12797	12808
12798	12809
12799	12810
12800	12811
12801	12812
12802	12813
12803	12814
12804	12815
12805	12816
12806	12817
12807	12818
12808	12819
12809	12820
12810	12821
12811	12822
12812	12823
12813	12824
12814	12825
12815	12826
12816	12827
12817	12828
12818	12829
12819	12830
12820	12831
12821	12832
12822	12833
12823	12834
12824	12835
12825	12836
12826	12837
12827	12838
12828	12839
12829	12840
12830	12841
12831	12842
12832	12843
12833	12844
12834	12845
12835	12846
12836	12847
12837	12848
12838	12849
12839	12850
12840	12851
12841	12852
12842	12853
12843	12854
12844	12855
12845	12856
12846	12857
12847	12858
12848	12859
12849	12860
12850	12861
12851	12862
12852	12863
12853	12864
12854	12865
12855	12866
12856	12867
12857	12868
12858	12869
12859	12870
12860	12871
12861	12872
12862	12873
12863	12874
12864	12875
12865	12876
12866	12877
12867	12878
12868	12879
12869	12880
12870	12881
12871	12882
12872	12883
12873	12884
12874	12885
12875	12886
12876	12887
12877	12888
12878	12889
12879	12890
12880	12891
12881	12892
12882	12893
12883	12894
12884	12895
12885	12896
12886	12897
12887	12898
12888	12899
12889	12900
12890	12901
12891	12902
12892	12903
12893	12904
12894	12905
12895	12906
12896	12907
12897	12908
12898	12909
12899	12910
12900	12911
12901	12912
12902	12913
12903	12914
12904	12915
12905	12916
12906	12917
12907	12918
12908	12919
12909	12920
12910	12921
12911	12922
12912	12923
12913	12924
12914	12925
12915	12926
12916	12927
12917	12928
12918	12929
12919	12930
12920	12931
12921	12932
12922	12933
12923	12934
12924	12935
12925	12936
12926	12937
12927	12938
12928	12939
12929	12940
12930	12941
12931	12942
12932	12943
12933	12944
12934	12945
12935	12946
12936	12947
12937	12948
12938	12949
12939	12950
12940	12951
12941	12952
12942	12953
12943	12954
12944	12955
12945	12956
12946	12957
12947	12958
12948	12959
12949	12960
12950	12961
12951	12962
12952	12963
12953	12964
12954	12965
12955	12966
12956	12967
12957	12968
12958	12969
12959	12970
12960	12971
12961	12972
12962	12973
12963	12974
12964	12975
12965	12976
12966	12977
12967	12978
12968	12979
12969	12980
12970	12981
12971	12982
12972	12983
12973	12984
12974	12985
12975	12986
12976	12987
12977	12988
12978	12989
12979	12990
12980	12991
12981	12992
12982	12993
12983	12994
12984	12995
12985	12996
12986	12997
12987	12998
12988	12999
12989	13000
12990	13001
12991	13002
12992	13003
12993	13004
12994	13005
12995	13006
12996	13007
12997	13008
12998	13009
12999	13010
13000	13011
13001	13012
13002	13013
13003	13014
13004	13015
13005	13016
13006	13017
13007	13018
13008	13019
13009	13020
13010	13021
13011	13022
13012	13023
13013	13024
13014	13025
13015	13026
13016	13027
13017	13028
13018	13029
13019	13030
13020	13031
13021	13032
13022	13033
13023	13034
13024	13035
13025	13036
13026	13037
13027	13038
13028	13039
13029	13040
13030	13041
13031	13042
13032	13043
13033	13044
13034	13045
13035	13046
13036	13047
13037	13048
13038	13049
13039	13050
13040	13051
13041	13052
13042	13053
13043	13054
13044	13055
13045	13056
13046	13057
13047	13058
13048	13059
13049	13060
13050	13061
13051	13062
13052	13063
13053	13064
13054	13065
13055	13066
13056	13067
13057	13068
13058	13069
13059	13070
13060	13071
13061	13072
13062	13073
13063	13074
13064	13075
13065	13076
13066	13077
13067	13078
13068	13079
13069	13080
13070	13081
13071	13082
13072	13083
13073	13084
13074	13085
13075	13086
13076	13087
13077	13088
13078	13089
13079	13090
13080	13091
13081	13092
13082	13093
13083	13094
13084	13095
13085	13096
13086	13097
13087	13098
13088	13099
13089	13100
13090	13101
13091	13102
13092	13103
13093	13104
13094	13105
13095	13106
13096	13107
13097	13108
13098	13109
13099	13110
13100	13111
13101	13112
13102	13113
13103	13114
13104	13115
13105	13116
13106	13117
13107	13118
13108	13119
13109	13120
13110	13121
13111	13122
13112	13123
13113	13124
13114	13125
13115	13126
13116	13127
13117	13128
13118	13129
13119	13130
13120	13131
13121	13132
13122	13133
13123	13134
13124	13135
13125	13136
13126	13137
13127	13138
13128	13139
13129	13140
13130	13141
13131	13142
13132	13143
13133	13144
13134	13145
13135	13146
13136	13147
13137	13148
13138	13149
13139	13150
13140	13151
13141	13152
13142	13153
13143	13154
13144	13155
13145	13156
13146	13157
13147	13158
13148	13159
13149	13160
13150	13161
13151	13162
13152	13163
13153	13164
13154	13165
13155	13166
13156	13167
13157	13168
13158	13169
13159	13170
13160	13171
13161	13172
13162	13173
13163	13174
13164	13175
13165	13176
13166	13177
13167	13178
13168	13179
13169	13180
13170	13181
13171	13182
13172	13183
13173	13184
13174	13185
13175	13186
13176	13187
13177	13188
13178	13189
13179	13190
13180	13191
13181	13192
13182	13193
13183	13194
13184	13195
13185	13196
13186	13197
13187	13198
13188	13199
13189	13200
13190	13201
13191	13202
13192	13203
13193	13204
13194	13205
13195	13206
13196	13207
13197	13208
13198	13209
13199	13210
13200	13211
13201	13212
13202	13213
13203	13214
13204	13215
13205	13216
13206	13217
13207	13218
13208	13219
13209	13220
13210	13221
13211	13222
13212	13223
13213	13224
13214	13225
13215	13226
13216	13227
13217	13228
13218	13229
13219	13230
13220	13231
13221	13232
13222	13233
13223	13234
13224	13235
13225	13236
13226	13237
13227	13238
13228	13239
13229	13240
13230	13241
13231	13242
13232	13243
13233	13244
13234	13245
13235	13246
13236	13247
13237	13248
13238	13249
13239	13250
13240	13251
13241	13252
13242	13253
13243	13254
13244	13255
13245	13256
13246	13257
13247	13258
13248	13259
13249	13260
13250	13261
13251	13262
13252	13263
13253	13264
13254	13265
13255	13266
13256	13267
13257	13268
13258	13269
13259	13270
13260	13271
13261	13272
13262	13273
13263	13274
13264	13275
13265	13276
13266	13277
13267	13278
13268	13279
13269	13280
13270	13281
13271	13282
13272	13283
13273	13284
13274	13285
13275	13286
13276	13287
13277	13288
13278	13289
13279	13290
13280	13291
13281	13292
13282	13293
13283	13294
13284	13295
13285	13296
13286	13297
13287	13298
13288	13299
13289	13300
13290	13301
13291	13302
13292	13303
13293	13304
13294	13305
13295	13306
13296	13307
13297	13308
13298	13309
13299	13310
13300	13311
13301	13312
13302	13313
13303	13314
13304	13315
13305	13316
13306	13317
13307	13318
13308	13319
13309	13320
13310	13321
13311	13322
13312	13323
13313	13324
13314	13325
13315	13326
13316	13327
13317	13328
13318	13329
13319	13330
13320	13331
13321	13332
13322	13333
13323	13334
13324	13335
13325	13336
13326	13337
13327	13338
13328	13339
13329	13340
13330	13341
13331	13342
13332	13343
13333	13344
13334	13345
13335	13346
13336	13347
13337	13348
13338	13349
13339	13350
13340	13351
13341	13352
13342	13353
13343	13354
13344	13355
13345	13356
13346	13357
13347	13358
13348	13359
13349	13360
13350	13361
13351	13362
13352	13363
13353	13364
13354	13365
13355	13366
13356	13367
13357	13368
13358	13369
13359	13370
13360	13371
13361	13372
13362	13373
13363	13374
13364	13375
13365	13376
13366	13377
13367	13378
13368	13379
13369	13380
13370	13381
13371	13382
13372	13383
13373	13384
13374	13385
13375	13386
13376	13387
13377	13388
13378	13389
13379	13390
13380	13391
13381	13392
13382	13393
13383	13394
13384	13395
13385	13396
13386	13397
13387	13398
13388	13399
13389	13400
13390	13401
13391	13402
13392	13403
13393	13404
13394	13405
13395	13406
13396	13407
13397	13408
13398	13409
13399	13410
13400	13411
13401	13412
13402	13413
13403	13414
13404	13415
13405	13416
13406	13417
13407	13418
13408	13419
13409	13420
13410	13421
13411	13422
13412	13423
13413	13424
13414	13425
13415	13426
13416	13427
13417	13428
13418	13429
13419	13430
13420	13431
13421	13432
13422	13433
13423	13434
13424	13435
13425	13436
13426	13437
13427	13438
13428	13439
13429	13440
13430	13441
13431	13442
13432	13443
13433	13444
13434	13445
13435	13446
13436	13447
13437	13448
13438	13449
13439	13450
13440	13451
13441	13452
13442	13453
13443	13454
13444	13455
13445	13456
13446	13457
13447	13458
13448	13459
13449	13460
13450	13461
13451	13462
13452	13463
13453	13464
13454	13465
13455	13466
13456	13467
13457	13468
13458	13469
13459	13470
13460	13471
13461	13472
13462	13473
13463	13474
13464	13475
13465	13476
13466	13477
13467	13478
13468	13479
13469	13480
13470	13481
13471	13482
13472	13483
13473	13484
13474	13485
13475	13486
13476	13487
13477	13488
13478	13489
13479	13490
13480	13491
13481	13492
13482	13493
13483	13494
13484	13495
13485	13496
13486	13497
13487	13498
13488	13499
13489	13500
13490	13501
13491	13502
13492	13503
13493	13504
13494	13505
13495	13506
13496	13507
13497	13508
13498	13509
13499	13510
13500	13511
13501	13512
13502	13513
13503	13514
13504	13515
13505	13516
13506	13517
13507	13518
13508	13519
13509	13520
13510	13521
13511	13522
13512	13523
13513	13524
13514	13525
13515	13526
13516	13527
13517	13528
13518	13529
13519	13530
13520	13531
13521	13532
13522	13533
13523	13534
13524	13535
13525	13536
13526	13537
13527	13538
13528	13539
13529	13540
13530	13541
13531	13542
13532	13543
13533	13544
13534	13545
13535	13546
13536	13547
13537	13548
13538	13549
13539	13550
13540	13551
13541	13552
13542	13553
13543	13554
13544	13555
13545	13556
13546	13557
13547	13558
13548	13559
13549	13560
13550	13561
13551	13562
13552	13563
13553	13564
13554	13565
13555	13566
13556	13567
13557	13568
13558	13569
13559	13570
13560	13571
13561	13572
13562	13573
13563	13574
13564	13575
13565	13576
13566	13577
13567	13578
13568	13579
13569	13580
13570	13581
13571	13582
13572	13583
13573	13584
13574	13585
13575	13586
13576	13587
13577	13588
13578	13589
13579	13590
13580	13591
13581	13592
13582	13593
13583	13594
13584	13595
13585	13596
13586	13597
13587	13598
13588	13599
13589	13600
13590	13601
13591	13602
13592	13603
13593	13604
13594	13605
13595	13606
13596	13607
13597	13608
13598	13609
13599	13610
13600	13611
13601	13612
13602	13613
13603	13614
13604	13615
13605	13616
13606	13617
13607	13618
13608	13619
13609	13620
13610	13621
13611	13622
13612	13623
13613	13624
13614	13625
13615	13626
13616	13627
13617	13628
13618	13629
13619	13630
13620	13631
13621	13632
13622	13633
13623	13634
13624	13635
13625	13636
13626	13637
13627	13638
13628	13639
13629	13640
13630	13641
13631	13642
13632	13643
13633	13644
13634	13645
13635	13646
13636	13647
13637	13648
13638	13649
13639	13650
13640	13651
13641	13652
13642	13653
13643	13654
13644	13655
13645	13656
13646	13657
13647	13658
13648	13659
13649	13660
13650	13661
13651	13662
13652	13663
13653	13664
13654	13665
13655	13666
13656	13667
13657	13668
13658	13669
13659	13670
13660	13671
13661	13672
13662	13673
13663	13674
13664	13675
13665	13676
13666	13677
13667	13678
13668	13679
13669	13680
13670	13681
13671	13682
13672	13683
13673	13684
13674	13685
13675	13686
13676	13687
13677	13688
13678	13689
13679	13690
13680	13691
13681	13692
13682	13693
13683	13694
13684	13695
13685	13696
13686	13697
13687	13698
13688	13699
13689	13700
13690	13701
13691	13702
13692	13703
13693	13704
13694	13705
13695	13706
13696	13707
13697	13708
13698	13709
13699	13710
13700	13711
13701	13712
13702	13713
13703	13714
13704	13715
13705	13716
13706	13717
13707	13718
13708	13719
13709	13720
13710	13721
13711	13722
13712	13723
13713	13724
13714	13725
13715	13726
13716	13727
13717	13728
13718	13729
13719	13730
13720	13731
13721	13732
13722	13733
13723	13734
13724	13735
13725	13736
13726	13737
13727	13738
13728	13739
13729	13740
13730	13741
13731	13742
13732	13743
13733	13744
13734	13745
13735	13746
13736	13747
13737	13748
13738	13749
13739	13750
13740	13751
13741	13752
13742	13753
13743	13754
13744	13755
13745	13756
13746	13757
13747	13758
13748	13759
13749	13760
13750	13761
13751	13762
13752	13763
13753	13764
13754	13765
13755	13766
13756	13767
13757	13768
13758	13769
13759	13770
13760	13771
13761	13772
13762	13773
13763	13774
13764	13775
13765	13776
13766	13777
13767	13778
13768	13779
13769	13780
13770	13781
13771	13782
13772	13783
13773	13784
13774	13785
13775	13786
13776	13787
13777	13788
13778	13789
13779	13790
13780	13791
13781	13792
13782	13793
13783	13794
13784	13795
13785	13796
13786	13797
13787	13798
13788	13799
13789	13800
13790	13801
13791	13802
13792	13803
13793	13804
13794	13805
13795	13806
13796	13807
13797	13808
13798	13809
13799	13810
13800	13811
13801	13812
13802	13813
13803	13814
13804	13815
13805	13816
13806	13817
13807	13818
13808	13819
13809	13820
13810	13821
13811	13822
13812	13823
13813	13824
13814	13825
13815	13826
13816	13827
13817	13828
13818	13829
13819	13830
13820	13831
13821	13832
13822	13833
13823	13834
13824	13835
13825	13836
13826	13837
13827	13838
13828	13839
13829	13840
13830	13841
13831	13842
13832	13843
13833	13844
13834	13845
13835	13846
13836	13847
13837	13848
13838	13849
13839	13850
13840	13851
13841	13852
13842	13853
13843	13854
13844	13855
13845	13856
13846	13857
13847	13858
13848	13859
13849	13860
13850	13861
13851	13862
13852	13863
13853	13864
13854	13865
13855	13866
13856	13867
13857	13868
13858	13869
13859	13870
13860	13871
13861	13872
13862	13873
13863	13874
13864	13875
13865	13876
13866	13877
13867	13878
13868	13879
13869	13880
13870	13881
13871	13882
13872	13883
13873	13884
13874	13885
13875	13886
13876	13887
13877	13888
13878	13889
13879	13890
13880	13891
13881	13892
13882	13893
13883	13894
13884	13895
13885	13896
13886	13897
13887	13898
13888	13899
13889	13900
13890	13901
13891	13902
13892	13903
13893	13904
13894	13905
13895	13906
13896	13907
13897	13908
13898	13909
13899	13910
13900	13911
13901	13912
13902	13913
13903	13914
13904	13915
13905	13916
13906	13917
13907	13918
13908	13919
13909	13920
13910	13921
13911	13922
13912	13923
13913	13924
13914	13925
13915	13926
13916	13927
13917	13928
13918	13929
13919	13930
13920	13931
13921	13932
13922	13933
13923	13934
13924	13935
13925	13936
13926	13937
13927	13938
13928	13939
13929	13940
13930	13941
13931	13942
13932	13943
13933	13944
13934	13945
13935	13946
13936	13947
13937	13948
13938	13949
13939	13950
13940	13951
13941	13952
13942	13953
13943	13954
13944	13955
13945	13956
13946	13957
13947	13958
13948	13959
13949	13960
13950	13961
13951	13962
13952	13963
13953	13964
13954	13965
13955	13966
13956	13967
13957	13968
13958	13969
13959	13970
13960	13971
13961	13972
13962	13973
13963	13974
13964	13975
13965	13976
13966	13977
13967	13978
13968	13979
13969	13980
13970	13981
13971	13982
13972	13983
13973	13984
13974	13985
13975	13986
13976	13987
13977	13988
13978	13989
13979	13990
13980	13991
13981	13992
13982	13993
13983	13994
13984	13995
13985	13996
13986	13997
13987	13998
13988	13999
13989	14000
13990	14001
13991	14002
13992	14003
13993	14004
13994	14005
13995	14006
13996	14007
13997	14008
13998	14009
13999	14010
14000	14011
14001	14012
14002	14013
14003	14014
14004	14015
14005	14016
14006	14017
14007	14018
14008	14019
14009	14020
14010	14021
14011	14022
14012	14023
14013	14024
14014	14025
14015	14026
14016	14027
14017	14028
14018	14029
14019	14030
14020	14031
14021	14032
14022	14033
14023	14034
14024	14035
14025	14036
14026	14037
14027	14038
14028	14039
14029	14040
14030	14041
14031	14042
14032	14043
14033	14044
14034	14045
14035	14046
14036	14047
14037	14048
14038	14049
14039	14050
14040	14051
14041	14052
14042	14053
14043	14054
14044	14055
14045	14056
14046	14057
14047	14058
14048	14059
14049	14060
14050	14061
14051	14062
14052	14063
14053	14064
14054	14065
14055	14066
14056	14067
14057	14068
14058	14069
14059	14070
14060	14071
14061	14072
14062	14073
14063	14074
14064	14075
14065	14076
14066	14077
14067	14078
14068	14079
14069	14080
14070	14081
14071	14082
14072	14083
14073	14084
14074	14085
14075	14086
14076	14087
14077	14088
14078	14089
14079	14090
14080	14091
14081	14092
14082	14093
14083	14094
14084	14095
14085	14096
14086	14097
14087	14098
14088	14099
14089	14100
14090	14101
14091	14102
14092	14103
14093	14104
14094	14105
14095	14106
14096	14107
14097	14108
14098	14109
14099	14110
14100	14111
14101	14112
14102	14113
14103	14114
14104	14115
14105	14116
14106	14117
14107	14118
14108	14119
14109	14120
14110	14121
14111	14122
14112	14123
14113	14124
14114	14125
14115	14126
14116	14127
14117	14128
14118	14129
14119	14130
14120	14131
14121	14132
14122	14133
14123	14134
14124	14135
14125	14136
14126	14137
14127	14138
14128	14139
14129	14140
14130	14141
14131	14142
14132	14143
14133	14144
14134	14145
14135	14146
14136	14147
14137	14148
14138	14149
14139	14150
14140	14151
14141	14152
14142	14153
14143	14154
14144	14155
14145	14156
14146	14157
14147	14158
14148	14159
14149	14160
14150	14161
14151	14162
14152	14163
14153	14164
14154	14165
14155	14166
14156	14167
14157	14168
14158	14169
14159	14170
14160	14171
14161	14172
14162	14173
14163	14174
14164	14175
14165	14176
14166	14177
14167	14178
14168	14179
14169	14180
14170	14181
14171	14182
14172	14183
14173	14184
14174	14185
14175	14186
14176	14187
14177	14188
14178	14189
14179	14190
14180	14191
14181	14192
14182	14193
14183	14194
14184	14195
14185	14196
14186	14197
14187	14198
14188	14199
14189	14200
14190	14201
14191	14202
14192	14203
14193	14204
14194	14205
14195	14206
14196	14207
14197	14208
14198	14209
14199	14210
14200	14211
14201	14212
14202	14213
14203	14214
14204	14215
14205	14216
14206	14217
14207	14218
14208	14219
14209	14220
14210	14221
14211	14222
14212	14223
14213	14224
14214	14225
14215	14226
14216	14227
14217	14228
14218	14229
14219	14230
14220	14231
14221	14232
14222	14233
14223	14234
14224	14235
14225	14236
14226	14237
14227	14238
14228	14239
14229	14240
14230	14241
14231	14242
14232	14243
14233	14244
14234	14245
14235	14246
14236	14247
14237	14248
14238	14249
14239	14250
14240	14251
14241	14252
14242	14253
14243	14254
14244	14255
14245	14256
14246	14257
14247	14258
14248	14259
14249	14260
14250	14261
14251	14262
14252	14263
14253	14264
14254	14265
14255	14266
14256	14267
14257	14268
14258	14269
14259	14270
14260	14271
14261	14272
14262	14273
14263	14274
14264	14275
14265	14276
14266	14277
14267	14278
14268	14279
14269	14280
14270	14281
14271	14282
14272	14283
14273	14284
14274	14285
14275	14286
14276	14287
14277	14288
14278	14289
14279	14290
14280	14291
14281	14292
14282	14293
14283	14294
14284	14295
14285	14296
14286	14297
14287	14298
14288	14299
14289	14300
14290	14301
14291	14302
14292	14303
14293	14304
14294	14305
14295	14306
14296	14307
14297	14308
14298	14309
14299	14310
14300	14311
14301	14312
14302	14313
14303	14314
14304	14315
14305	14316
14306	14317
14307	14318
14308	14319
14309	14320
14310	14321
14311	14322
14312	14323
14313	14324
14314	14325
14315	14326
14316	14327
14317	14328
14318	14329
14319	14330
14320	14331
14321	14332
14322	14333
14323	14334
14324	14335
14325	14336
14326	14337
14327	14338
14328	14339
14329	14340
14330	14341
14331	14342
14332	14343
14333	14344
14334	14345
14335	14346
14336	14347
14337	14348
14338	14349
14339	14350
14340	14351
14341	14352
14342	14353
14343	14354
14344	14355
14345	14356
14346	14357
14347	14358
14348	14359
14349	14360
14350	14361
14351	14362
14352	14363
14353	14364
14354	14365
14355	14366
14356	14367
14357	14368
14358	14369
14359	14370
14360	14371
14361	14372
14362	14373
14363	14374
14364	14375
14365	14376
14366	14377
14367	14378
14368	14379
14369	14380
14370	14381
14371	14382
14372	14383
14373	14384
14374	14385
14375	14386
14376	14387
14377	14388
14378	14389
14379	14390
14380	14391
14381	14392
14382	14393
14383	14394
14384	14395
14385	14396
14386	14397
14387	14398
14388	14399
14389	14400
14390	14401
14391	14402
14392	14403
14393	14404
14394	14405
14395	14406
14396	14407
14397	14408
14398	14409
14399	14410
14400	14411
14401	14412
14402	14413
14403	14414
14404	14415
14405	14416
14406	14417
14407	14418
14408	14419
14409	14420
14410	14421
14411	14422
14412	14423
14413	14424
14414	14425
14415	14426
14416	14427
14417	14428
14418	14429
14419	14430
14420	14431
14421	14432
14422	14433
14423	14434
14424	14435
14425	14436
14426	14437
14427	14438
14428	14439
14429	14440
14430	14441
14431	14442
14432	14443
14433	14444
14434	14445
14435	14446
14436	14447
14437	14448
14438	14449
14439	14450
14440	14451
14441	14452
14442	14453
14443	14454
14444	14455
14445	14456
14446	14457
14447	14458
14448	14459
14449	14460
14450	14461
14451	14462
14452	14463
14453	14464
14454	14465
14455	14466
14456	14467
14457	14468
14458	14469
14459	14470
14460	14471
14461	14472
14462	14473
14463	14474
14464	14475
14465	14476
14466	14477
14467	14478
14468	14479
14469	14480
14470	14481
14471	14482
14472	14483
14473	14484
14474	14485
14475	14486
14476	14487
14477	14488
14478	14489
14479	14490
14480	14491
14481	14492
14482	14493
14483	14494
14484	14495
14485	14496
14486	14497
14487	14498
14488	14499
14489	14500
14490	14501
14491	14502
14492	14503
14493	14504
14494	14505
14495	14506
14496	14507
14497	14508
14498	14509
14499	14510
14500	14511
14501	14512
14502	14513
14503	14514
14504	14515
14505	14516
14506	14517
14507	14518
14508	14519
14509	14520
14510	14521
14511	14522
14512	14523
14513	14524
14514	14525
14515	14526
14516	14527
14517	14528
14518	14529
14519	14530
14520	14531
14521	14532
14522	14533
14523	14534
14524	14535
14525	14536
14526	14537
14527	14538
14528	14539
14529	14540
14530	14541
14531	14542
14532	14543
14533	14544
14534	14545
14535	14546
14536	14547
14537	14548
14538	14549
14539	14550
14540	14551
14541	14552
14542	14553
14543	14554
14544	14555
14545	14556
14546	14557
14547	14558
14548	14559
14549	14560
14550	14561
14551	14562
14552	14563
14553	14564
14554	14565
14555	14566
14556	14567
14557	14568
14558	14569
14559	14570
14560	14571
14561	14572
14562	14573
14563	14574
14564	14575
14565	14576
14566	14577
14567	14578
14568	14579
14569	14580
14570	14581
14571	14582
14572	14583
14573	14584
14574	14585
14575	14586
14576	14587
14577	14588
14578	14589
14579	14590
14580	14591
14581	14592
14582	14593
14583	14594
14584	14595
14585	14596
14586	14597
14587	14598
14588	14599
14589	14600
14590	14601
14591	14602
14592	14603
14593	14604
14594	14605
14595	14606
14596	14607
14597	14608
14598	14609
14599	14610
14600	14611
14601	14612
14602	14613
14603	14614
14604	14615
14605	14616
14606	14617
14607	14618
14608	14619
14609	14620
14610	14621
14611	14622
14612	14623
14613	14624
14614	14625
14615	14626
14616	14627
14617	14628
14618	14629
14619	14630
14620	14631
14621	14632
14622	14633
14623	14634
14624	14635
14625	14636
14626	14637
14627	14638
14628	14639
14629	14640
14630	14641
14631	14642
14632	14643
14633	14644
14634	14645
14635	14646
14636	14647
14637	14648
14638	14649
14639	14650
14640	14651
14641	14652
14642	14653
14643	14654
14644	14655
14645	14656
14646	14657
14647	14658
14648	14659
14649	14660
14650	14661
14651	14662
14652	14663
14653	14664
14654	14665
14655	14666
14656	14667
14657	14668
14658	14669
14659	14670
14660	14671
14661	14672
14662	14673
14663	14674
14664	14675
14665	14676
14666	14677
14667	14678
14668	14679
14669	14680
14670	14681
14671	14682
14672	14683
14673	14684
14674	14685
14675	14686
14676	14687
14677	14688
14678	14689
14679	14690
14680	14691
14681	14692
14682	14693
14683	14694
14684	14695
14685	14696
14686	14697
14687	14698
14688	14699
14689	14700
14690	14701
14691	14702
14692	14703
14693	14704
14694	14705
14695	14706
14696	14707
14697	14708
14698	14709
14699	14710
14700	14711
14701	14712
14702	14713
14703	14714
14704	14715
14705	14716
14706	14717
14707	14718
14708	14719
14709	14720
14710	14721
14711	14722
14712	14723
14713	14724
14714	14725
14715	14726
14716	14727
14717	14728
14718	14729
14719	14730
14720	14731
14721	14732
14722	14733
14723	14734
14724	14735
14725	14736
14726	14737
14727	14738
14728	14739
14729	14740
14730	14741
14731	14742
14732	14743
14733	14744
14734	14745
14735	14746
14736	14747
14737	14748
14738	14749
14739	14750
14740	14751
14741	14752
14742	14753
14743	14754
14744	14755
14745	14756
14746	14757
14747	14758
14748	14759
14749	14760
14750	14761
14751	14762
14752	14763
14753	14764
14754	14765
14755	14766
14756	14767
14757	14768
14758	14769
14759	14770
14760	14771
14761	14772
14762	14773
14763	14774
14764	14775
14765	14776
14766	14777
14767	14778
14768	14779
14769	14780
14770	14781
14771	14782
14772	14783
14773	14784
14774	14785
14775	14786
14776	14787
14777	14788
14778	14789
14779	14790
14780	14791
14781	14792
14782	14793
14783	14794
14784	14795
14785	14796
14786	14797
14787	14798
14788	14799
14789	14800
14790	14801
14791	14802
14792	14803
14793	14804
14794	14805
14795	14806
14796	14807
14797	14808
14798	14809
14799	14810
14800	14811
14801	14812
14802	14813
14803	14814
14804	14815
14805	14816
14806	14817
14807	14818
14808	14819
14809	14820
14810	14821
14811	14822
14812	14823
14813	14824
14814	14825
14815	14826
14816	14827
14817	14828
14818	14829
14819	14830
14820	14831
14821	14832
14822	14833
14823	14834
14824	14835
14825	14836
14826	14837
14827	14838
14828	14839
14829	14840
14830	14841
14831	14842
14832	14843
14833	14844
14834	14845
14835	14846
14836	14847
14837	14848
14838	14849
14839	14850
14840	14851
14841	14852
14842	14853
14843	14854
14844	14855
14845	14856
14846	14857
14847	14858
14848	14859
14849	14860
14850	14861
14851	14862
14852	14863
14853	14864
14854	14865
14855	14866
14856	14867
14857	14868
14858	14869
14859	14870
14860	14871
14861	14872
14862	14873
14863	14874
14864	14875
14865	14876
14866	14877
14867	14878
14868	14879
14869	14880
14870	14881
14871	14882
14872	14883
14873	14884
14874	14885
14875	14886
14876	14887
14877	14888
14878	14889
14879	14890
14880	14891
14881	14892
14882	14893
14883	14894
14884	14895
14885	14896
14886	14897
14887	14898
14888	14899
14889	14900
14890	14901
14891	14902
14892	14903
14893	14904
14894	14905
14895	14906
14896	14907
14897	14908
14898	14909
14899	14910
14900	14911
14901	14912
14902	14913
14903	14914
14904	14915
14905	14916
14906	14917
14907	14918
14908	14919
14909	14920
14910	14921
14911	14922
14912	14923
14913	14924
14914	14925
14915	14926
14916	14927
14917	14928
14918	14929
14919	14930
14920	14931
14921	14932
14922	14933
14923	14934
14924	14935
14925	14936
14926	14937
14927	14938
14928	14939
14929	14940
14930	14941
14931	14942
14932	14943
14933	14944
14934	14945
14935	14946
14936	14947
14937	14948
14938	14949
14939	14950
14940	14951
14941	14952
14942	14953
14943	14954
14944	14955
14945	14956
14946	14957
14947	14958
14948	14959
14949	14960
14950	14961
14951	14962
14952	14963
14953	14964
14954	14965
14955	14966
14956	14967
14957	14968
14958	14969
14959	14970
14960	14971
14961	14972
14962	14973
14963	14974
14964	14975
14965	14976
14966	14977
14967	14978
14968	14979
14969	14980
14970	14981
14971	14982
14972	14983
14973	14984
14974	14985
14975	14986
14976	14987
14977	14988
14978	14989
14979	14990
14980	14991
14981	14992
14982	14993
14983	14994
14984	14995
14985	14996
14986	14997
14987	14998
14988	14999
14989	15000
14990	15001
14991	15002
14992	15003
14993	15004
14994	15005
14995	15006
14996	15007
14997	15008
14998	15009
14999	15010
15000	15011
15001	15012
15002	15013
15003	15014
15004	15015
15005	15016
15006	15017
15007	15018
15008	15019
15009	15020
15010	15021
15011	15022
15012	15023
15013	15024
15014	15025
15015	15026
15016	15027
15017	15028
15018	15029
15019	15030
15020	15031
15021	15032
15022	15033
15023	15034
15024	15035
15025	15036
15026	15037
15027	15038
15028	15039
15029	15040
15030	15041
15031	15042
15032	15043
15033	15044
15034	15045
15035	15046
15036	15047
15037	15048
15038	15049
15039	15050
15040	15051
15041	15052
15042	15053
15043	15054
15044	15055
15045	15056
15046	15057
15047	15058
15048	15059
15049	15060
15050	15061
15051	15062
15052	15063
15053	15064
15054	15065
15055	15066
15056	15067
15057	15068
15058	15069
15059	15070
15060	15071
15061	15072
15062	15073
15063	15074
15064	15075
15065	15076
15066	15077
15067	15078
15068	15079
15069	15080
15070	15081
15071	15082
15072	15083
15073	15084
15074	15085
15075	15086
15076	15087
15077	15088
15078	15089
15079	15090
15080	15091
15081	15092
15082	15093
15083	15094
15084	15095
15085	15096
15086	15097
15087	15098
15088	15099
15089	15100
15090	15101
15091	15102
15092	15103
15093	15104
15094	15105
15095	15106
15096	15107
15097	15108
15098	15109
15099	15110
15100	15111
15101	15112
15102	15113
15103	15114
15104	15115
15105	15116
15106	15117
15107	15118
15108	15119
15109	15120
15110	15121
15111	15122
15112	15123
15113	15124
15114	15125
15115	15126
15116	15127
15117	15128
15118	15129
15119	15130
15120	15131
15121	15132
15122	15133
15123	15134
15124	15135
15125	15136
15126	15137
15127	15138
15128	15139
15129	15140
15130	15141
15131	15142
15132	15143
15133	15144
15134	15145
15135	15146
15136	15147
15137	15148
15138	15149
15139	15150
15140	15151
15141	15152
15142	15153
15143	15154
15144	15155
15145	15156
15146	15157
15147	15158
15148	15159
15149	15160
15150	15161
15151	15162
15152	15163
15153	15164
15154	15165
15155	15166
15156	15167
15157	15168
15158	15169
15159	15170
15160	15171
15161	15172
15162	15173
15163	15174
15164	15175
15165	15176
15166	15177
15167	15178
15168	15179
15169	15180
15170	15181
15171	15182
15172	15183
15173	15184
15174	15185
15175	15186
15176	15187
15177	15188
15178	15189
15179	15190
15180	15191
15181	15192
15182	15193
15183	15194
15184	15195
15185	15196
15186	15197
15187	15198
15188	15199
15189	15200
15190	15201
15191	15202
15192	15203
15193	15204
15194	15205
15195	15206
15196	15207
15197	15208
15198	15209
15199	15210
15200	15211
15201	15212
15202	15213
15203	15214
15204	15215
15205	15216
15206	15217
15207	15218
15208	15219
15209	15220
15210	15221
15211	15222
15212	15223
15213	15224
15214	15225
15215	15226
15216	15227
15217	15228
15218	15229
15219	15230
15220	15231
15221	15232
15222	15233
15223	15234
15224	15235
15225	15236
15226	15237
15227	15238
15228	15239
15229	15240
15230	15241
15231	15242
15232	15243
15233	15244
15234	15245
15235	15246
15236	15247
15237	15248
15238	15249
15239	15250
15240	15251
15241	15252
15242	15253
15243	15254
15244	15255
15245	15256
15246	15257
15247	15258
15248	15259
15249	15260
15250	15261
15251	15262
15252	15263
15253	15264
15254	15265
15255	15266
15256	15267
15257	15268
15258	15269
15259	15270
15260	15271
15261	15272
15262	15273
15263	15274
15264	15275
15265	15276
15266	15277
15267	15278
15268	15279
15269	15280
15270	15281
15271	15282
15272	15283
15273	15284
15274	15285
15275	15286
15276	15287
15277	15288
15278	15289
15279	15290
15280	15291
15281	15292
15282	15293
15283	15294
15284	15295
15285	15296
15286	15297
15287	15298
15288	15299
15289	15300
15290	15301
15291	15302
15292	15303
15293	15304
15294	15305
15295	15306
15296	15307
15297	15308
15298	15309
15299	15310
15300	15311
15301	15312
15302	15313
15303	15314
15304	15315
15305	15316
15306	15317
15307	15318
15308	15319
15309	15320
15310	15321
15311	15322
15312	15323
15313	15324
15314	15325
15315	15326
15316	15327
15317	15328
15318	15329
15319	15330
15320	15331
15321	15332
15322	15333
15323	15334
15324	15335
15325	15336
15326	15337
15327	15338
15328	15339
15329	15340
15330	15341
15331	15342
15332	15343
15333	15344
15334	15345
15335	15346
15336	15347
15337	15348
15338	15349
15339	15350
15340	15351
15341	15352
15342	15353
15343	15354
15344	15355
15345	15356
15346	15357
15347	15358
15348	15359
15349	15360
15350	15361
15351	15362
15352	15363
15353	15364
15354	15365
15355	15366
15356	15367
15357	15368
15358	15369
15359	15370
15360	15371
15361	15372
15362	15373
15363	15374
15364	15375
15365	15376
15366	15377
15367	15378
15368	15379
15369	15380
15370	15381
15371	15382
15372	15383
15373	15384
15374	15385
15375	15386
15376	15387
15377	15388
15378	15389
15379	15390
15380	15391
15381	15392
15382	15393
15383	15394
15384	15395
15385	15396
15386	15397
15387	15398
15388	15399
15389	15400
15390	15401
15391	15402
15392	15403
15393	15404
15394	15405
15395	15406
15396	15407
15397	15408
15398	15409
15399	15410
15400	15411
15401	15412
15402	15413
15403	15414
15404	15415
15405	15416
15406	15417
15407	15418
15408	15419
15409	15420
15410	15421
15411	15422
15412	15423
15413	15424
15414	15425
15415	15426
15416	15427
15417	15428
15418	15429
15419	15430
15420	15431
15421	15432
15422	15433
15423	15434
15424	15435
15425	15436
15426	15437
15427	15438
15428	15439
15429	15440
15430	15441
15431	15442
15432	15443
15433	15444
15434	15445
15435	15446
15436	15447
15437	15448
15438	15449
15439	15450
15440	15451
15441	15452
15442	15453
15443	15454
15444	15455
15445	15456
15446	15457
15447	15458
15448	15459
15449	15460
15450	15461
15451	15462
15452	15463
15453	15464
15454	15465
15455	15466
15456	15467
15457	15468
15458	15469
15459	15470
15460	15471
15461	15472
15462	15473
15463	15474
15464	15475
15465	15476
15466	15477
15467	15478
15468	15479
15469	15480
15470	15481
15471	15482
15472	15483
15473	15484
15474	15485
15475	15486
15476	15487
15477	15488
15478	15489
15479	15490
15480	15491
15481	15492
15482	15493
15483	15494
15484	15495
15485	15496
15486	15497
15487	15498
15488	15499
15489	15500
15490	15501
15491	15502
15492	15503
15493	15504
15494	15505
15495	15506
15496	15507
15497	15508
15498	15509
15499	15510
15500	15511
15501	15512
15502	15513
15503	15514
15504	15515
15505	15516
15506	15517
15507	15518
15508	15519
15509	15520
15510	15521
15511	15522
15512	15523
15513	15524
15514	15525
15515	15526
15516	15527
15517	15528
15518	15529
15519	15530
15520	15531
15521	15532
15522	15533
15523	15534
15524	15535
15525	15536
15526	15537
15527	15538
15528	15539
15529	15540
15530	15541
15531	15542
15532	15543
15533	15544
15534	15545
15535	15546
15536	15547
15537	15548
15538	15549
15539	15550
15540	15551
15541	15552
15542	15553
15543	15554
15544	15555
15545	15556
15546	15557
15547	15558
15548	15559
15549	15560
15550	15561
15551	15562
15552	15563
15553	15564
15554	15565
15555	15566
15556	15567
15557	15568
15558	15569
15559	15570
15560	15571
15561	15572
15562	15573
15563	15574
15564	15575
15565	15576
15566	15577
15567	15578
15568	15579
15569	15580
15570	15581
15571	15582
15572	15583
15573	15584
15574	15585
15575	15586
15576	15587
15577	15588
15578	15589
15579	15590
15580	15591
15581	15592
15582	15593
15583	15594
15584	15595
15585	15596
15586	15597
15587	15598
15588	15599
15589	15600
15590	15601
15591	15602
15592	15603
15593	15604
15594	15605
15595	15606
15596	15607
15597	15608
15598	15609
15599	15610
15600	15611
15601	15612
15602	15613
15603	15614
15604	15615
15605	15616
15606	15617
15607	15618
15608	15619
15609	15620
15610	15621
15611	15622
15612	15623
15613	15624
15614	15625
15615	15626
15616	15627
15617	15628
15618	15629
15619	15630
15620	15631
15621	15632
15622	15633
15623	15634
15624	15635
15625	15636
15626	15637
15627	15638
15628	15639
15629	15640
15630	15641
15631	15642
15632	15643
15633	15644
15634	15645
15635	15646
15636	15647
15637	15648
15638	15649
15639	15650
15640	15651
15641	15652
15642	15653
15643	15654
15644	15655
15645	15656
15646	15657
15647	15658
15648	15659
15649	15660
15650	15661
15651	15662
15652	15663
15653	15664
15654	15665
15655	15666
15656	15667
15657	15668
15658	15669
15659	15670
15660	15671
15661	15672
15662	15673
15663	15674
15664	15675
15665	15676
15666	15677
15667	15678
15668	15679
15669	15680
15670	15681
15671	15682
15672	15683
15673	15684
15674	15685
15675	15686
15676	15687
15677	15688
15678	15689
15679	15690
15680	15691
15681	15692
15682	15693
15683	15694
15684	15695
15685	15696
15686	15697
15687	15698
15688	15699
15689	15700
15690	15701
15691	15702
15692	15703
15693	15704
15694	15705
15695	15706
15696	15707
15697	15708
15698	15709
15699	15710
15700	15711
15701	15712
15702	15713
15703	15714
15704	15715
15705	15716
15706	15717
15707	15718
15708	15719
15709	15720
15710	15721
15711	15722
15712	15723
15713	15724
15714	15725
15715	15726
15716	15727
15717	15728
15718	15729
15719	15730
15720	15731
15721	15732
15722	15733
15723	15734
15724	15735
15725	15736
15726	15737
15727	15738
15728	15739
15729	15740
15730	15741
15731	15742
15732	15743
15733	15744
15734	15745
15735	15746
15736	15747
15737	15748
15738	15749
15739	15750
15740	15751
15741	15752
15742	15753
15743	15754
15744	15755
15745	15756
15746	15757
15747	15758
15748	15759
15749	15760
15750	15761
15751	15762
15752	15763
15753	15764
15754	15765
15755	15766
15756	15767
15757	15768
15758	15769
15759	15770
15760	15771
15761	15772
15762	15773
15763	15774
15764	15775
15765	15776
15766	15777
15767	15778
15768	15779
15769	15780
15770	15781
15771	15782
15772	15783
15773	15784
15774	15785
15775	15786
15776	15787
15777	15788
15778	15789
15779	15790
15780	15791
15781	15792
15782	15793
15783	15794
15784	15795
15785	15796
15786	15797
15787	15798
15788	15799
15789	15800
15790	15801
15791	15802
15792	15803
15793	15804
15794	15805
15795	15806
15796	15807
15797	15808
15798	15809
15799	15810
15800	15811
15801	15812
15802	15813
15803	15814
15804	15815
15805	15816
15806	15817
15807	15818
15808	15819
15809	15820
15810	15821
15811	15822
15812	15823
15813	15824
15814	15825
15815	15826
15816	15827
15817	15828
15818	15829
15819	15830
15820	15831
15821	15832
15822	15833
15823	15834
15824	15835
15825	15836
15826	15837
15827	15838
15828	15839
15829	15840
15830	15841
15831	15842
15832	15843
15833	15844
15834	15845
15835	15846
15836	15847
15837	15848
15838	15849
15839	15850
15840	15851
15841	15852
15842	15853
15843	15854
15844	15855
15845	15856
15846	15857
15847	15858
15848	15859
15849	15860
15850	15861
15851	15862
15852	15863
15853	15864
15854	15865
15855	15866
15856	15867
15857	15868
15858	15869
15859	15870
15860	15871
15861	15872
15862	15873
15863	15874
15864	15875
15865	15876
15866	15877
15867	15878
15868	15879
15869	15880
15870	15881
15871	15882
15872	15883
15873	15884
15874	15885
15875	15886
15876	15887
15877	15888
15878	15889
15879	15890
15880	15891
15881	15892
15882	15893
15883	15894
15884	15895
15885	15896
15886	15897
15887	15898
15888	15899
15889	15900
15890	15901
15891	15902
15892	15903
15893	15904
15894	15905
15895	15906
15896	15907
15897	15908
15898	15909
15899	15910
15900	15911
15901	15912
15902	15913
15903	15914
15904	15915
15905	15916
15906	15917
15907	15918
15908	15919
15909	15920
15910	15921
15911	15922
15912	15923
15913	15924
15914	15925
15915	15926
15916	15927
15917	15928
15918	15929
15919	15930
15920	15931
15921	15932
15922	15933
15923	15934
15924	15935
15925	15936
15926	15937
15927	15938
15928	15939
15929	15940
15930	15941
15931	15942
15932	15943
15933	15944
15934	15945
15935	15946
15936	15947
15937	15948
15938	15949
15939	15950
15940	15951
15941	15952
15942	15953
15943	15954
15944	15955
15945	15956
15946	15957
15947	15958
15948	15959
15949	15960
15950	15961
15951	15962
15952	15963
15953	15964
15954	15965
15955	15966
15956	15967
15957	15968
15958	15969
15959	15970
15960	15971
15961	15972
15962	15973
15963	15974
15964	15975
15965	15976
15966	15977
15967	15978
15968	15979
15969	15980
15970	15981
15971	15982
15972	15983
15973	15984
15974	15985
15975	15986
15976	15987
15977	15988
15978	15989
15979	15990
15980	15991
15981	15992
15982	15993
15983	15994
15984	15995
15985	15996
15986	15997
15987	15998
15988	15999
15989	16000
15990	16001
15991	16002
15992	16003
15993	16004
15994	16005
15995	16006
15996	16007
15997	16008
15998	16009
15999	16010
16000	16011
16001	16012
16002	16013
16003	16014
16004	16015
16005	16016
16006	16017
16007	16018
16008	16019
16009	16020
16010	16021
16011	16022
16012	16023
16013	16024
16014	16025
16015	16026
16016	16027
16017	16028
16018	16029
16019	16030
16020	16031
16021	16032
16022	16033
16023	16034
16024	16035
16025	16036
16026	16037
16027	16038
16028	16039
16029	16040
16030	16041
16031	16042
16032	16043
16033	16044
16034	16045
16035	16046
16036	16047
16037	16048
16038	16049
16039	16050
16040	16051
16041	16052
16042	16053
16043	16054
16044	16055
16045	16056
16046	16057
16047	16058
16048	16059
16049	16060
16050	16061
16051	16062
16052	16063
16053	16064
16054	16065
16055	16066
16056	16067
16057	16068
16058	16069
16059	16070
16060	16071
16061	16072
16062	16073
16063	16074
16064	16075
16065	16076
16066	16077
16067	16078
16068	16079
16069	16080
16070	16081
16071	16082
16072	16083
16073	16084
16074	16085
16075	16086
16076	16087
16077	16088
16078	16089
16079	16090
16080	16091
16081	16092
16082	16093
16083	16094
16084	16095
16085	16096
16086	16097
16087	16098
16088	16099
16089	16100
16090	16101
16091	16102
16092	16103
16093	16104
16094	16105
16095	16106
16096	16107
16097	16108
16098	16109
16099	16110
16100	16111
16101	16112
16102	16113
16103	16114
16104	16115
16105	16116
16106	16117
16107	16118
16108	16119
16109	16120
16110	16121
16111	16122
16112	16123
16113	16124
16114	16125
16115	16126
16116	16127
16117	16128
16118	16129
16119	16130
16120	16131
16121	16132
16122	16133
16123	16134
16124	16135
16125	16136
16126	16137
16127	16138
16128	16139
16129	16140
16130	16141
16131	16142
16132	16143
16133	16144
16134	16145
16135	16146
16136	16147
16137	16148
16138	16149
16139	16150
16140	16151
16141	16152
16142	16153
16143	16154
16144	16155
16145	16156
16146	16157
16147	16158
16148	16159
16149	16160
16150	16161
16151	16162
16152	16163
16153	16164
16154	16165
16155	16166
16156	16167
16157	16168
16158	16169
16159	16170
16160	16171
16161	16172
16162	16173
16163	16174
16164	16175
16165	16176
16166	16177
16167	16178
16168	16179
16169	16180
16170	16181
16171	16184
16172	16185
16173	16186
16174	16187
16175	16188
16176	16189
16177	16190
16178	16191
16179	16192
16180	16194
16181	16195
16182	16196
16183	16197
16184	16198
16185	16199
16186	16200
16187	16201
16188	16202
16189	16203
16190	16204
16191	16205
16192	16206
16193	16207
16194	16208
16195	16209
16196	16210
16197	16211
16198	16212
16199	16213
16200	16214
16201	16215
16202	16216
16203	16217
16204	16218
16205	16219
16206	16220
16207	16221
16208	16222
16209	16223
16210	16224
16211	16225
16212	16226
16213	16227
16214	16228
16215	16229
16216	16230
16217	16231
16218	16232
16219	16233
16220	16234
16221	16235
16222	16236
16223	16237
16224	16238
16225	16239
16226	16240
16227	16241
16228	16242
16229	16243
16230	16244
16231	16245
16232	16246
16233	16247
16234	16248
16235	16249
16236	16250
16237	16251
16238	16252
16239	16253
16240	16254
16241	16255
16242	16256
16243	16257
16244	16258
16245	16259
16246	16260
16247	16261
16248	16262
16249	16263
16250	16264
16251	16265
16252	16266
16253	16267
16254	16268
16255	16269
16256	16270
16257	16271
16258	16272
16259	16273
16260	16274
16261	16275
16262	16276
16263	16277
16264	16278
16265	16279
16266	16280
16267	16281
16268	16282
16269	16283
16270	16284
16271	16285
16272	16286
16273	16287
16274	16288
16275	16289
16276	16290
16277	16291
16278	16292
16279	16293
16280	16294
16281	16295
16282	16296
16283	16297
16284	16298
16285	16299
16286	16300
16287	16301
16288	16302
16289	16303
16290	16304
16291	16305
16292	16306
16293	16307
16294	16308
16295	16309
16296	16310
16297	16311
16298	16312
16299	16313
16300	16314
16301	16315
16302	16316
16303	16317
16304	16318
16305	16319
16306	16320
16307	16321
16308	16322
16309	16323
16310	16324
16311	16325
16312	16326
16313	16327
16314	16328
16315	16329
16316	16330
16317	16331
16318	16332
16319	16333
16320	16334
16321	16335
16322	16336
16323	16337
16324	16338
16325	16339
16326	16340
16327	16341
16328	16342
16329	16343
16330	16344
16331	16345
16332	16346
16333	16347
16334	16348
16335	16349
16336	16350
16337	16351
16338	16352
16339	16353
16340	16354
16341	16355
16342	16356
16343	16357
16344	16358
16345	16359
16346	16360
16347	16361
16348	16362
16349	16363
16350	16364
16351	16365
16352	16366
16353	16367
16354	16368
16355	16369
16356	16370
16357	16371
16358	16372
16359	16373
16360	16374
16361	16375
16362	16376
16363	16377
16364	16378
16365	16379
16366	16380
16367	16381
16368	16382
16369	16383
16370	16384
16371	16385
16372	16386
16373	16387
16374	16388
16375	16389
16376	16390
16377	16391
16378	16392
16379	16393
16380	16394
16381	16395
16382	16396
16383	16397
16384	16398
16385	16399
16386	16400
16387	16401
16388	16402
16389	16403
16390	16404
16391	16405
16392	16406
16393	16407
16394	16408
16395	16409
16396	16410
16397	16411
16398	16412
16399	16413
16400	16414
16401	16415
16402	16416
16403	16417
16404	16418
16405	16419
16406	16420
16407	16421
16408	16422
16409	16423
16410	16424
16411	16425
16412	16426
16413	16427
16414	16428
16415	16429
16416	16430
16417	16431
16418	16432
16419	16433
16420	16434
16421	16435
16422	16436
16423	16437
16424	16438
16425	16439
16426	16440
16427	16441
16428	16442
16429	16443
16430	16444
16431	16445
16432	16446
16433	16447
16434	16448
16435	16449
16436	16450
16437	16451
16438	16452
16439	16453
16440	16454
16441	16455
16442	16456
16443	16457
16444	16458
16445	16459
16446	16460
16447	16461
16448	16462
16449	16463
16450	16464
16451	16465
16452	16466
16453	16467
16454	16468
16455	16469
16456	16470
16457	16471
16458	16472
16459	16473
16460	16474
16461	16475
16462	16476
16463	16477
16464	16478
16465	16479
16466	16480
16467	16481
16468	16482
16469	16483
16470	16484
16471	16485
16472	16486
16473	16487
16474	16488
16475	16489
16476	16490
16477	16491
16478	16492
16479	16493
16480	16494
16481	16495
16482	16496
16483	16497
16484	16498
16485	16499
16486	16500
16487	16501
16488	16502
16489	16503
16490	16504
16491	16505
16492	16506
16493	16507
16494	16508
16495	16509
16496	16510
16497	16511
16498	16512
16499	16513
16500	16514
16501	16515
16502	16516
16503	16517
16504	16518
16505	16520
16506	16521
16507	16522
16508	16523
16509	16524
16510	16525
16511	16526
16512	16527
16513	16528
16514	16529
16515	16530
16516	16531
16517	16532
16518	16533
16519	16534
16520	16535
16521	16536
16522	16537
16523	16538
16524	16539
16525	16540
16526	16541
16527	16542
16528	16543
16529	16544
16530	16545
16531	16546
16532	16547
16533	16548
16534	16549
16535	16550
16536	16551
16537	16552
16538	16553
16539	16554
16540	16555
16541	16556
16542	16557
16543	16558
16544	16559
16545	16560
16546	16561
16547	16562
16548	16563
16549	16564
16550	16565
16551	16566
16552	16567
16553	16568
16554	16569
